alg,impl,system,nnode,nproc,thread_per_proc,a_rows,a_cols,b_rows,b_cols,p1,p2,p3,gather_a_time,gen_a_time,gen_b_time,gather_b_time,local_multiply_time,cpu_gpu_data_move_time,scatter_reduce_time,timestamp
matmul1gen,cpp,perlmutter-gpu-cpu,16,64,32,50000,50000,50000,500,64,1,1,0.0,0.033145,0.015338,0.0,0.13878,0.0,0.0,2026-06-04T22:18:18
matmul,cpp,perlmutter-gpu-cpu,8,32,32,50000,50000,50000,500,8,4,1,0.081675,0.06419,0.020921,0.027792,0.245417,0.0,0.010351,2026-06-04T09:28:20
matmul1comm,cpp,perlmutter-gpu-cpu,1,4,32,50000,50000,50000,500,4,1,1,0.0,0.52027,0.001421,0.097911,1.699972,0.0,0.0,2026-06-04T21:59:40
matmul1comm,cpp,perlmutter-gpu-cpu,32,128,32,50000,50000,50000,500,128,1,1,0.0,0.016932,4.8e-05,0.172831,0.073813,0.0,0.0,2026-06-04T22:19:56
matmul1comm,cpp,perlmutter-gpu-cpu,16,64,32,50000,50000,50000,5000,64,1,1,0.0,0.034498,0.000897,0.629865,1.125879,0.0,0.0,2026-06-04T22:18:13
matmul1comm,cpp,perlmutter-gpu-cpu,1,4,32,50000,50000,50000,500,4,1,1,0.0,0.516808,0.00142,0.056137,1.699721,0.0,0.0,2026-06-04T21:59:07
matmul,cpp,perlmutter-gpu-cpu,8,32,32,50000,50000,50000,5000,8,4,1,0.082715,0.064096,0.024529,0.101367,2.062825,0.0,0.081842,2026-06-04T09:27:52
matmul1gen,cpp,perlmutter-gpu-cpu,32,128,32,50000,50000,50000,500,128,1,1,0.0,0.017056,0.016481,0.0,0.075551,0.0,0.0,2026-06-04T22:18:14
matmul,cpp,perlmutter-gpu-cpu,2,8,32,50000,50000,50000,50000,2,2,2,0.711252,0.257197,0.214642,0.736946,75.841292,0.0,0.913691,2026-06-04T22:50:55
matmul,cpp,perlmutter-gpu-cpu,16,64,32,50000,50000,50000,50000,4,4,4,0.307038,0.033203,0.045652,0.208804,9.885954,0.0,0.243788,2026-06-04T22:44:01
matmul1comm,cpp,perlmutter-gpu,1,4,32,50000,50000,50000,500,4,1,1,0.0,1.52918,0.000752,0.016697,0.172536,0.0,0.0,2026-06-04T22:43:21
matmul1comm,cpp,perlmutter-gpu-cpu,8,32,32,50000,50000,50000,500,32,1,1,0.0,0.06605,0.000176,0.085578,0.257301,0.0,0.0,2026-06-04T21:59:49
matmul1comm,cpp,perlmutter-gpu-cpu,1,4,32,50000,50000,50000,500,4,1,1,0.0,0.535125,0.001405,0.095119,1.714592,0.0,0.0,2026-06-04T21:59:18
matmul,cpp,perlmutter-gpu-cpu,1,4,32,50000,50000,50000,500,2,2,1,0.579927,0.509236,0.023547,0.020218,1.744407,0.0,0.023682,2026-06-04T09:30:24
matmul,python,perlmutter-gpu-cpu,8,32,32,50000,50000,50000,50000,4,4,2,0.5523167159999502,-1.0,-1.0,6.350771590000022,17.848756244000015,0.0,0.6450925649996861,2026-06-04T22:50:39
matmul1comm,cpp,perlmutter-gpu-cpu,8,32,32,50000,50000,50000,500,32,1,1,0.0,0.065699,0.000339,0.093156,0.265728,0.0,0.0,2026-06-04T22:00:18
matmul1gen,cpp,perlmutter-gpu-cpu,4,16,32,50000,50000,50000,5000,16,1,1,0.0,0.129471,0.158821,0.0,4.201817,0.0,0.0,2026-06-04T21:57:01
matmul,cpp,perlmutter-gpu-cpu,16,64,32,50000,50000,50000,50000,4,4,4,0.356451,0.032994,0.045253,0.208428,9.897256,0.0,0.244686,2026-06-04T22:41:52
matmul1gen,cpp,perlmutter-gpu,16,64,32,50000,50000,50000,5000,64,1,1,0.0,0.094187,0.002656,0.0,0.100055,0.0,0.0,2026-06-04T22:21:40
matmul1gen,cpp,perlmutter-gpu-cpu,32,128,32,50000,50000,50000,5000,128,1,1,0.0,0.017217,0.157411,0.0,0.600645,0.0,0.0,2026-06-04T22:16:59
matmul,cpp,perlmutter-gpu-cpu,2,8,32,50000,50000,50000,5000,4,2,1,0.311804,0.256679,0.040124,0.252875,8.857128,0.0,0.106628,2026-06-04T09:28:41
matmul1gen,cpp,perlmutter-gpu,1,4,32,50000,50000,50000,500,4,1,1,0.0,1.512841,0.000535,0.0,0.164497,0.0,0.0,2026-06-04T22:42:37
matmul1comm,cpp,perlmutter-gpu,8,32,32,50000,50000,50000,500,32,1,1,0.0,0.189329,0.000148,0.166766,0.041934,0.0,0.0,2026-06-04T22:33:48
matmul,cpp,perlmutter-gpu-cpu,16,64,32,50000,50000,50000,50000,4,4,4,0.309563,0.033201,0.047301,0.20899,9.897809,0.0,0.242644,2026-06-04T22:42:08
matmul,cpp,perlmutter-gpu-cpu,2,8,32,50000,50000,50000,500,4,2,1,0.319339,0.259464,0.022724,0.025917,0.881773,0.0,0.013533,2026-06-04T09:29:03
matmul,python,perlmutter-gpu-cpu,16,64,32,50000,50000,50000,50000,4,4,4,1.8601508549995742,-1.0,-1.0,0.5931222989997877,9.515705054000136,0.0,1.3664758529998835,2026-06-04T22:46:14
matmul1comm,cpp,perlmutter-gpu-cpu,16,64,32,50000,50000,50000,500,64,1,1,0.0,0.033527,9.3e-05,0.08339,0.144864,0.0,0.0,2026-06-04T22:19:41
matmul1comm,cpp,perlmutter-gpu,8,32,32,50000,50000,50000,500,32,1,1,0.0,0.190168,0.000151,0.18357,0.042851,0.0,0.0,2026-06-04T22:33:29
matmul,cpp,perlmutter-gpu-cpu,16,64,32,50000,50000,50000,5000,8,8,1,0.041781,0.033063,0.022591,0.051088,1.069509,0.0,0.063555,2026-06-04T09:29:50
matmul,cpp,perlmutter-gpu-cpu,4,16,32,50000,50000,50000,500,4,4,1,0.162702,0.128651,0.0271,0.02274,0.438944,0.0,0.027024,2026-06-04T09:23:41
matmul,python,perlmutter-gpu-cpu,8,32,32,50000,50000,50000,50000,4,4,2,11.203611796999667,-1.0,-1.0,0.4443067299998802,15.62517047900019,0.0,0.5394989640003587,2026-06-04T22:52:38
matmul,cpp,perlmutter-gpu-cpu,1,4,32,50000,50000,50000,5000,2,2,1,0.610831,0.506993,0.188658,0.140468,16.630716,0.0,0.203829,2026-06-04T09:26:53
matmul1comm,cpp,perlmutter-gpu,8,32,32,50000,50000,50000,500,32,1,1,0.0,0.190099,0.000152,0.17958,0.037746,0.0,0.0,2026-06-04T22:33:41
matmul,cpp,perlmutter-gpu-cpu,16,64,32,50000,50000,50000,500,8,8,1,0.042864,0.033282,0.017721,0.015668,0.132178,0.0,0.054826,2026-06-04T09:31:10
matmul,cpp,perlmutter-gpu,1,4,32,50000,50000,50000,50000,2,2,1,0.0,1.529459,0.040526,0.0,0.0,0.0,0.0,2026-06-04T22:41:57
matmul1gen,cpp,perlmutter-gpu-cpu,4,16,32,50000,50000,50000,5000,16,1,1,0.0,0.128716,0.15672,0.0,4.266325,0.0,0.0,2026-06-04T21:56:02
matmul,cpp,perlmutter-gpu-cpu,8,32,32,50000,50000,50000,500,8,4,1,0.082123,0.064919,0.020582,0.024278,0.242193,0.0,0.017216,2026-06-04T09:28:40
matmul1comm,cpp,perlmutter-gpu-cpu,4,16,32,50000,50000,50000,5000,16,1,1,0.0,0.128896,0.006254,0.56307,4.207211,0.0,0.0,2026-06-04T21:57:50
matmul,cpp,perlmutter-gpu-cpu,2,8,32,50000,50000,50000,50000,2,2,2,0.699929,0.256848,0.280408,0.77397,75.876013,0.0,0.911253,2026-06-04T22:42:39
matmul1gen,cpp,perlmutter-gpu-cpu,8,32,32,50000,50000,50000,500,32,1,1,0.0,0.066146,0.014583,0.0,0.260707,0.0,0.0,2026-06-04T21:58:55
matmul,cpp,perlmutter-gpu-cpu,4,16,32,50000,50000,50000,50000,4,2,2,0.371506,0.134819,0.120617,0.859376,38.846847,0.0,0.85705,2026-06-04T22:48:15
matmul,cpp,perlmutter-gpu-cpu,32,128,32,50000,50000,50000,5000,8,8,2,0.051708,0.016997,0.156231,0.037169,0.73091,0.0,0.107692,2026-06-04T09:33:04
matmul1gen,cpp,perlmutter-gpu-cpu,2,8,32,50000,50000,50000,5000,8,1,1,0.0,0.255159,0.163989,0.0,8.201056,0.0,0.0,2026-06-04T21:52:22
matmul,cpp,perlmutter-gpu-cpu,4,16,32,50000,50000,50000,50000,4,2,2,0.3934,0.137394,0.120095,0.827702,38.89599,0.0,0.75503,2026-06-04T22:45:09
matmul1gen,cpp,perlmutter-gpu,8,32,32,50000,50000,50000,5000,32,1,1,0.0,0.189934,0.003124,0.0,0.197502,0.0,0.0,2026-06-04T22:30:18
matmul,cpp,perlmutter-gpu-cpu,4,16,32,50000,50000,50000,50000,4,2,2,0.375118,0.135924,0.11814,0.815493,38.869271,0.0,0.775213,2026-06-04T22:45:55
matmul,cpp,perlmutter-gpu-cpu,32,128,32,50000,50000,50000,5000,8,8,2,0.049829,0.016932,0.022115,0.033347,0.709842,0.0,0.034075,2026-06-04T09:33:24
matmul,cpp,perlmutter-gpu-cpu,2,8,32,50000,50000,50000,50000,2,2,2,0.716146,0.256402,0.217869,0.753809,75.979634,0.0,0.89641,2026-06-04T22:53:41
matmul1gen,cpp,perlmutter-gpu-cpu,16,64,32,50000,50000,50000,5000,64,1,1,0.0,0.034105,0.157079,0.0,1.131346,0.0,0.0,2026-06-04T22:16:01
matmul1gen,cpp,perlmutter-gpu-cpu,4,16,32,50000,50000,50000,500,16,1,1,0.0,0.128601,0.016776,0.0,0.482005,0.0,0.0,2026-06-04T21:59:16
matmul1gen,cpp,perlmutter-gpu,1,4,32,50000,50000,50000,500,4,1,1,0.0,1.529178,0.011414,0.0,0.133064,0.0,0.0,2026-06-04T22:42:24
matmul,cpp,perlmutter-gpu-cpu,2,8,32,50000,50000,50000,500,4,2,1,0.310955,0.2564,0.021649,0.028386,0.884328,0.0,0.02018,2026-06-04T09:29:29
matmul,cpp,perlmutter-gpu-cpu,16,64,32,50000,50000,50000,500,8,8,1,0.0418,0.034337,0.01886,0.014463,0.137049,0.0,0.016181,2026-06-04T09:30:27
matmul1comm,cpp,perlmutter-gpu-cpu,1,4,32,50000,50000,50000,500,4,1,1,0.0,0.518386,0.001412,0.101448,1.703187,0.0,0.0,2026-06-04T21:59:29
matmul1comm,cpp,perlmutter-gpu,16,64,32,50000,50000,50000,5000,64,1,1,0.0,0.09312,0.00081,0.268367,0.121371,0.0,0.0,2026-06-04T22:22:34
matmul1comm,cpp,perlmutter-gpu-cpu,2,8,32,50000,50000,50000,500,8,1,1,0.0,0.258246,0.000702,0.062682,0.905666,0.0,0.0,2026-06-04T21:56:15
matmul1comm,cpp,perlmutter-gpu,8,32,32,50000,50000,50000,5000,32,1,1,0.0,0.190344,0.000223,0.299078,0.191003,0.0,0.0,2026-06-04T22:31:41
matmul1comm,cpp,perlmutter-gpu-cpu,32,128,32,50000,50000,50000,5000,128,1,1,0.0,0.01686,0.00052,0.709746,0.612516,0.0,0.0,2026-06-04T22:17:40
matmul1gen,cpp,perlmutter-gpu-cpu,4,16,32,50000,50000,50000,500,16,1,1,0.0,0.129709,0.01562,0.0,0.504233,0.0,0.0,2026-06-04T21:59:57
matmul,cpp,perlmutter-gpu-cpu,2,8,32,50000,50000,50000,5000,4,2,1,0.310593,0.259917,0.039389,0.240877,8.829743,0.0,0.144323,2026-06-04T09:27:29
matmul,cpp,perlmutter-gpu-cpu,32,128,32,50000,50000,50000,50000,8,4,4,0.163279,0.01685,0.032417,0.311317,5.030022,0.0,0.34196,2026-06-04T22:48:09
matmul1comm,cpp,perlmutter-gpu-cpu,2,8,32,50000,50000,50000,5000,8,1,1,0.0,0.255384,0.013289,0.538978,8.223589,0.0,0.0,2026-06-04T21:53:27
matmul1comm,cpp,perlmutter-gpu,4,16,32,50000,50000,50000,5000,16,1,1,0.0,0.383798,0.00028,0.29379,0.386147,0.0,0.0,2026-06-04T22:31:32
matmul,python,perlmutter-gpu-cpu,32,128,32,50000,50000,50000,50000,8,4,4,0.331246805000319,-1.0,-1.0,2.507764676000079,4.769935720000376,0.0,1.7253364949997376,2026-06-04T22:52:16
matmul,cpp,perlmutter-gpu-cpu,8,32,32,50000,50000,50000,5000,8,4,1,0.082401,0.063822,0.024048,0.102409,2.065437,0.0,0.095817,2026-06-04T09:26:48
matmul,python,perlmutter-gpu-cpu,4,16,32,50000,50000,50000,50000,4,2,2,0.6190492800001266,-1.0,-1.0,7.9232199539997055,35.27272525099988,0.0,5.669454870999743,2026-06-04T22:50:52
matmul1comm,cpp,perlmutter-gpu-cpu,16,64,32,50000,50000,50000,5000,64,1,1,0.0,0.032241,0.000875,0.548979,1.172426,0.0,0.0,2026-06-04T22:17:30
matmul1comm,cpp,perlmutter-gpu,1,4,32,50000,50000,50000,5000,4,1,1,0.0,1.52064,0.000707,0.073278,1.488329,0.0,0.0,2026-06-04T22:41:42
matmul1gen,cpp,perlmutter-gpu-cpu,8,32,32,50000,50000,50000,5000,32,1,1,0.0,0.065594,0.158884,0.0,2.209675,0.0,0.0,2026-06-04T21:56:18
matmul1gen,cpp,perlmutter-gpu-cpu,4,16,32,50000,50000,50000,5000,16,1,1,0.0,0.128539,0.158634,0.0,4.209126,0.0,0.0,2026-06-04T21:56:31
matmul,python,perlmutter-gpu-cpu,4,16,32,50000,50000,50000,50000,4,2,2,0.33339721999999483,-1.0,-1.0,6.898840680999967,34.919106726999985,0.0,6.826351627999998,2026-06-04T23:06:13
matmul,python,perlmutter-gpu-cpu,8,32,32,50000,50000,50000,50000,4,4,2,0.9602100319998499,-1.0,-1.0,3.2508728110001357,17.44683996599997,0.0,3.8316361719998895,2026-06-04T22:51:37
matmul1comm,cpp,perlmutter-gpu,1,4,32,50000,50000,50000,5000,4,1,1,0.0,1.516046,0.000704,0.074519,1.483889,0.0,0.0,2026-06-04T22:42:06
matmul1comm,cpp,perlmutter-gpu,8,32,32,50000,50000,50000,500,32,1,1,0.0,0.184613,0.000298,0.20675,0.041902,0.0,0.0,2026-06-04T22:34:21
matmul,cpp,perlmutter-gpu-cpu,2,8,32,50000,50000,50000,5000,4,2,1,0.309399,0.256388,0.039716,0.254666,8.930106,0.0,0.104924,2026-06-04T09:27:14
matmul,cpp,perlmutter-gpu,1,4,32,50000,50000,50000,50000,2,2,1,0.0,1.530956,0.043561,0.0,0.0,0.0,0.0,2026-06-04T22:41:44
matmul1gen,cpp,perlmutter-gpu,32,128,32,50000,50000,50000,5000,128,1,1,0.0,0.045493,0.003232,0.0,0.069157,0.0,0.0,2026-06-04T22:20:00
matmul1comm,cpp,perlmutter-gpu,1,4,32,50000,50000,50000,500,4,1,1,0.0,1.556861,0.000204,0.014335,0.172588,0.0,0.0,2026-06-04T22:44:05
matmul,python,perlmutter-gpu-cpu,32,128,32,50000,50000,50000,50000,8,4,4,0.46177345700016303,-1.0,-1.0,1.3360657329999412,4.75767671299991,0.0,0.6481205820000469,2026-06-04T22:50:01
matmul1gen,cpp,perlmutter-gpu,8,32,32,50000,50000,50000,500,32,1,1,0.0,0.190252,0.001682,0.0,0.040136,0.0,0.0,2026-06-04T22:32:48
matmul,python,perlmutter-gpu-cpu,8,32,32,50000,50000,50000,50000,4,4,2,0.8373129519995928,-1.0,-1.0,2.652779250000094,18.12740445700001,0.0,4.042134607000207,2026-06-04T22:55:33
matmul1comm,cpp,perlmutter-gpu,4,16,32,50000,50000,50000,5000,16,1,1,0.0,0.374652,0.000279,0.307429,0.387809,0.0,0.0,2026-06-04T22:30:59
matmul1comm,cpp,perlmutter-gpu-cpu,2,8,32,50000,50000,50000,500,8,1,1,0.0,0.254826,0.0007,0.062154,0.893884,0.0,0.0,2026-06-04T21:55:59
matmul1comm,cpp,perlmutter-gpu-cpu,16,64,32,50000,50000,50000,5000,64,1,1,0.0,0.035223,0.000884,0.607161,1.13422,0.0,0.0,2026-06-04T22:17:08
matmul1comm,cpp,perlmutter-gpu,1,4,32,50000,50000,50000,5000,4,1,1,0.0,1.532968,0.005077,0.113005,1.475624,0.0,0.0,2026-06-04T22:41:27
matmul,cpp,perlmutter-gpu-cpu,4,16,32,50000,50000,50000,50000,4,2,2,0.385087,0.133443,0.118322,0.802983,38.858971,0.0,0.787062,2026-06-04T22:46:41
matmul1gen,cpp,perlmutter-gpu,2,8,32,50000,50000,50000,5000,8,1,1,0.0,0.762642,0.002781,0.0,0.745326,0.0,0.0,2026-06-04T22:40:33
matmul,python,perlmutter-gpu-cpu,16,64,32,50000,50000,50000,50000,4,4,4,1.6860750460000418,-1.0,-1.0,1.3575157629998102,9.533984346000125,0.0,1.0239052460001403,2026-06-04T22:44:36
matmul1gen,cpp,perlmutter-gpu-cpu,32,128,32,50000,50000,50000,5000,128,1,1,0.0,0.01686,0.157186,0.0,0.60308,0.0,0.0,2026-06-04T22:16:33
matmul1gen,cpp,perlmutter-gpu-cpu,4,16,32,50000,50000,50000,5000,16,1,1,0.0,0.128371,0.160767,0.0,4.224401,0.0,0.0,2026-06-04T21:56:51
matmul1comm,cpp,perlmutter-gpu,2,8,32,50000,50000,50000,500,8,1,1,0.0,0.757633,0.00017,0.164625,0.0965,0.0,0.0,2026-06-04T22:43:23
matmul1comm,cpp,perlmutter-gpu-cpu,8,32,32,50000,50000,50000,500,32,1,1,0.0,0.066483,0.000332,0.133916,0.257546,0.0,0.0,2026-06-04T22:00:12
matmul1comm,cpp,perlmutter-gpu,16,64,32,50000,50000,50000,500,64,1,1,0.0,0.095402,0.000155,0.144208,0.024829,0.0,0.0,2026-06-04T22:24:19
matmul,python,perlmutter-gpu,1,4,32,50000,50000,50000,50000,2,2,1,0.5510791820000236,-1.0,-1.0,22.271263083999997,140.8414623,0.0,17.233575420999955,2026-06-04T23:09:19
matmul,cpp,perlmutter-gpu-cpu,4,16,32,50000,50000,50000,500,4,4,1,0.16444,0.128782,0.02751,0.020374,0.440698,0.0,0.026513,2026-06-04T09:23:50
matmul,cpp,perlmutter-gpu-cpu,8,32,32,50000,50000,50000,5000,8,4,1,0.082395,0.064782,0.023879,0.102585,2.066151,0.0,0.06712,2026-06-04T09:27:04
matmul1comm,cpp,perlmutter-gpu,4,16,32,50000,50000,50000,5000,16,1,1,0.0,0.387473,0.010209,0.218623,0.375346,0.0,0.0,2026-06-04T22:31:57
matmul1comm,cpp,perlmutter-gpu,1,4,32,50000,50000,50000,5000,4,1,1,0.0,1.529193,0.000712,0.109902,1.484026,0.0,0.0,2026-06-04T22:41:35
matmul1gen,cpp,perlmutter-gpu,2,8,32,50000,50000,50000,500,8,1,1,0.0,0.762918,0.000488,0.0,0.091889,0.0,0.0,2026-06-04T22:42:21
matmul,cpp,perlmutter-gpu-cpu,1,4,32,50000,50000,50000,50000,2,2,1,0.591215,0.517435,0.481098,1.339353,154.008979,0.0,2.294307,2026-06-04T22:43:59
matmul,cpp,perlmutter-gpu-cpu,4,16,32,50000,50000,50000,500,4,4,1,0.162218,0.128088,0.033485,0.035074,0.435661,0.0,0.022902,2026-06-04T09:23:34
matmul,python,perlmutter-gpu-cpu,8,32,32,50000,50000,50000,50000,4,4,2,0.16722941399984848,-1.0,-1.0,3.0720309489997817,18.252588963000107,0.0,2.8730927890001112,2026-06-04T22:49:42
matmul1comm,cpp,perlmutter-gpu,32,128,32,50000,50000,50000,500,128,1,1,0.0,0.046094,0.016232,0.169146,0.029217,0.0,0.0,2026-06-04T22:23:14
matmul1gen,cpp,perlmutter-gpu,2,8,32,50000,50000,50000,500,8,1,1,0.0,0.756797,0.000526,0.0,0.07105,0.0,0.0,2026-06-04T22:42:27
matmul1comm,cpp,perlmutter-gpu-cpu,32,128,32,50000,50000,50000,500,128,1,1,0.0,0.01682,4.5e-05,0.14792,0.076915,0.0,0.0,2026-06-04T22:19:16
matmul,cpp,perlmutter-gpu-cpu,16,64,32,50000,50000,50000,5000,8,8,1,0.042588,0.032678,0.022546,0.050265,1.067347,0.0,0.091601,2026-06-04T09:30:17
matmul1comm,cpp,perlmutter-gpu-cpu,1,4,32,50000,50000,50000,5000,4,1,1,0.0,0.516454,0.026513,0.480118,17.81618,0.0,0.0,2026-06-04T21:55:29
matmul,cpp,perlmutter-gpu-cpu,32,128,32,50000,50000,50000,500,8,8,2,0.056764,0.016951,0.018194,0.009678,0.104254,0.0,0.035648,2026-06-04T09:34:16
matmul,cpp,perlmutter-gpu-cpu,16,64,32,50000,50000,50000,5000,8,8,1,0.042207,0.034,0.153477,0.092776,1.084042,0.0,0.088348,2026-06-04T09:29:14
matmul,cpp,perlmutter-gpu-cpu,1,4,32,50000,50000,50000,50000,2,2,1,0.578756,0.519768,0.40634,1.4355,153.738777,0.0,1.795506,2026-06-04T23:08:11
matmul1comm,cpp,perlmutter-gpu,8,32,32,50000,50000,50000,5000,32,1,1,0.0,0.191435,0.000213,0.2977,0.198961,0.0,0.0,2026-06-04T22:31:19
matmul1gen,cpp,perlmutter-gpu,16,64,32,50000,50000,50000,5000,64,1,1,0.0,0.092827,0.00296,0.0,0.109941,0.0,0.0,2026-06-04T22:21:23
matmul1gen,cpp,perlmutter-gpu,1,4,32,50000,50000,50000,5000,4,1,1,0.0,1.534512,0.00581,0.0,1.480098,0.0,0.0,2026-06-04T22:40:48
matmul1comm,cpp,perlmutter-gpu,2,8,32,50000,50000,50000,5000,8,1,1,0.0,0.765323,0.000424,0.139164,0.740061,0.0,0.0,2026-06-04T22:41:50
matmul1gen,cpp,perlmutter-gpu-cpu,2,8,32,50000,50000,50000,500,8,1,1,0.0,0.256619,0.015682,0.0,0.909329,0.0,0.0,2026-06-04T21:55:40
matmul1comm,cpp,perlmutter-gpu,4,16,32,50000,50000,50000,500,16,1,1,0.0,0.379427,0.00016,0.016303,0.060596,0.0,0.0,2026-06-04T22:33:24
matmul1comm,cpp,perlmutter-gpu,2,8,32,50000,50000,50000,500,8,1,1,0.0,0.758808,0.000404,0.039074,0.095615,0.0,0.0,2026-06-04T22:43:35
matmul,cpp,perlmutter-gpu-cpu,8,32,32,50000,50000,50000,5000,8,4,1,0.082,0.063702,0.143646,0.186899,2.090487,0.0,0.060757,2026-06-04T09:26:40
matmul1gen,cpp,perlmutter-gpu,16,64,32,50000,50000,50000,5000,64,1,1,0.0,0.091253,0.005425,0.0,0.11119,0.0,0.0,2026-06-04T22:22:03
matmul,cpp,perlmutter-gpu-cpu,32,128,32,50000,50000,50000,5000,8,8,2,0.050758,0.017018,0.021543,0.028586,0.696309,0.0,0.106999,2026-06-04T09:33:50
matmul,cpp,perlmutter-gpu-cpu,8,32,32,50000,50000,50000,5000,8,4,1,0.082397,0.064106,0.024243,0.101389,2.081032,0.0,0.060563,2026-06-04T09:27:43
matmul1gen,cpp,perlmutter-gpu-cpu,2,8,32,50000,50000,50000,5000,8,1,1,0.0,0.260622,0.163212,0.0,8.15933,0.0,0.0,2026-06-04T21:51:58
matmul1gen,cpp,perlmutter-gpu-cpu,16,64,32,50000,50000,50000,500,64,1,1,0.0,0.033197,0.015263,0.0,0.149699,0.0,0.0,2026-06-04T22:18:46
matmul1comm,cpp,perlmutter-gpu,8,32,32,50000,50000,50000,5000,32,1,1,0.0,0.190545,0.00021,0.320853,0.188771,0.0,0.0,2026-06-04T22:31:12
matmul,cpp,perlmutter-gpu-cpu,8,32,32,50000,50000,50000,500,8,4,1,0.082433,0.063714,0.020801,0.024117,0.243811,0.0,0.032354,2026-06-04T09:27:58
matmul,cpp,perlmutter-gpu-cpu,2,8,32,50000,50000,50000,5000,4,2,1,0.311575,0.256798,0.181286,0.25252,8.886015,0.0,0.106216,2026-06-04T09:26:45
matmul1comm,cpp,perlmutter-gpu-cpu,8,32,32,50000,50000,50000,500,32,1,1,0.0,0.066307,0.00019,0.128306,0.259864,0.0,0.0,2026-06-04T22:00:06
matmul1comm,cpp,perlmutter-gpu-cpu,16,64,32,50000,50000,50000,500,64,1,1,0.0,0.033748,8.9e-05,0.089635,0.150723,0.0,0.0,2026-06-04T22:19:47
matmul,cpp,perlmutter-gpu-cpu,2,8,32,50000,50000,50000,50000,2,2,2,0.695137,0.253956,0.224153,0.745744,75.831566,0.0,0.966,2026-06-04T22:44:02
matmul1gen,cpp,perlmutter-gpu-cpu,8,32,32,50000,50000,50000,500,32,1,1,0.0,0.065315,0.018441,0.0,0.252281,0.0,0.0,2026-06-04T21:58:44
matmul,cpp,perlmutter-gpu-cpu,4,16,32,50000,50000,50000,5000,4,4,1,0.164601,0.132787,0.056554,0.532465,4.541028,0.0,0.14141,2026-06-04T09:23:03
matmul,cpp,perlmutter-gpu-cpu,4,16,32,50000,50000,50000,5000,4,4,1,0.163358,0.130832,0.042354,0.532565,4.538162,0.0,0.155463,2026-06-04T09:22:39
matmul1gen,cpp,perlmutter-gpu,8,32,32,50000,50000,50000,500,32,1,1,0.0,0.19118,0.000493,0.0,0.030371,0.0,0.0,2026-06-04T22:32:55
matmul,cpp,perlmutter-gpu-cpu,1,4,32,50000,50000,50000,5000,2,2,1,0.574726,0.510498,0.060116,0.198541,16.535388,0.0,0.208478,2026-06-04T09:28:18
matmul1gen,cpp,perlmutter-gpu-cpu,8,32,32,50000,50000,50000,500,32,1,1,0.0,0.066303,0.014195,0.0,0.25656,0.0,0.0,2026-06-04T21:59:27
matmul,cpp,perlmutter-gpu,1,4,32,50000,50000,50000,50000,2,2,1,0.0,1.525919,0.099486,0.0,0.0,0.0,0.0,2026-06-04T22:42:11
matmul1gen,cpp,perlmutter-gpu,16,64,32,50000,50000,50000,500,64,1,1,0.0,0.094391,0.004399,0.0,0.027262,0.0,0.0,2026-06-04T22:23:39
matmul1gen,cpp,perlmutter-gpu-cpu,32,128,32,50000,50000,50000,500,128,1,1,0.0,0.016646,0.015205,0.0,0.074063,0.0,0.0,2026-06-04T22:18:48
matmul,cpp,perlmutter-gpu-cpu,16,64,32,50000,50000,50000,5000,8,8,1,0.041919,0.032461,0.022608,0.05061,1.059434,0.0,0.076883,2026-06-04T09:29:37
matmul,python,perlmutter-gpu-cpu,4,16,32,50000,50000,50000,50000,4,2,2,0.3306007099999988,-1.0,-1.0,0.7950101659999973,37.251585094999996,0.0,0.6452577230000003,2026-06-04T23:01:50
matmul1gen,cpp,perlmutter-gpu-cpu,16,64,32,50000,50000,50000,5000,64,1,1,0.0,0.033285,0.157452,0.0,1.150319,0.0,0.0,2026-06-04T22:16:54
matmul,cpp,perlmutter-gpu,1,4,32,50000,50000,50000,50000,2,2,1,0.0,1.527032,0.051225,0.0,0.0,0.0,0.0,2026-06-04T22:41:38
matmul1gen,cpp,perlmutter-gpu-cpu,8,32,32,50000,50000,50000,500,32,1,1,0.0,0.06627,0.023261,0.0,0.261761,0.0,0.0,2026-06-04T21:59:00
matmul1comm,cpp,perlmutter-gpu,16,64,32,50000,50000,50000,500,64,1,1,0.0,0.090075,0.000149,0.102449,0.025081,0.0,0.0,2026-06-04T22:24:13
matmul1comm,cpp,perlmutter-gpu-cpu,2,8,32,50000,50000,50000,5000,8,1,1,0.0,0.256142,0.013348,0.540874,8.080172,0.0,0.0,2026-06-04T21:53:40
matmul1gen,cpp,perlmutter-gpu,4,16,32,50000,50000,50000,5000,16,1,1,0.0,0.382043,0.005076,0.0,0.380146,0.0,0.0,2026-06-04T22:30:15
matmul1comm,cpp,perlmutter-gpu,1,4,32,50000,50000,50000,5000,4,1,1,0.0,1.510587,0.00071,0.073122,1.475205,0.0,0.0,2026-06-04T22:40:56
matmul,cpp,perlmutter-gpu-cpu,1,4,32,50000,50000,50000,500,2,2,1,0.585928,0.511178,0.023357,0.015101,1.728704,0.0,0.030773,2026-06-04T09:30:19
matmul,cpp,perlmutter-gpu-cpu,8,32,32,50000,50000,50000,500,8,4,1,0.080801,0.064663,0.021044,0.031365,0.237662,0.0,0.031221,2026-06-04T09:28:09
matmul1comm,cpp,perlmutter-gpu,1,4,32,50000,50000,50000,500,4,1,1,0.0,1.527364,0.000387,0.00972,0.172087,0.0,0.0,2026-06-04T22:43:28
matmul1comm,cpp,perlmutter-gpu,32,128,32,50000,50000,50000,5000,128,1,1,0.0,0.045595,0.000157,0.290924,0.075561,0.0,0.0,2026-06-04T22:21:42
matmul,python,perlmutter-gpu-cpu,32,128,32,50000,50000,50000,50000,8,4,4,0.32701741699975173,-1.0,-1.0,0.9580549620000056,4.756542226999954,0.0,1.6816583560002982,2026-06-04T22:51:32
matmul1gen,cpp,perlmutter-gpu,2,8,32,50000,50000,50000,5000,8,1,1,0.0,0.766185,0.008322,0.0,0.792109,0.0,0.0,2026-06-04T22:39:38
matmul1gen,cpp,perlmutter-gpu,2,8,32,50000,50000,50000,5000,8,1,1,0.0,0.765997,0.003128,0.0,0.741791,0.0,0.0,2026-06-04T22:40:20
matmul1gen,cpp,perlmutter-gpu,8,32,32,50000,50000,50000,5000,32,1,1,0.0,0.190573,0.002969,0.0,0.19674,0.0,0.0,2026-06-04T22:30:38
matmul1comm,cpp,perlmutter-gpu,16,64,32,50000,50000,50000,500,64,1,1,0.0,0.092949,0.000292,0.200812,0.030303,0.0,0.0,2026-06-04T22:24:25
matmul1gen,cpp,perlmutter-gpu,16,64,32,50000,50000,50000,5000,64,1,1,0.0,0.090265,0.012101,0.0,0.107542,0.0,0.0,2026-06-04T22:21:18
matmul,python,perlmutter-gpu,1,4,32,50000,50000,50000,50000,2,2,1,0.553878934000295,-1.0,-1.0,18.85554965700021,140.667519738,0.0,18.478565691999847,2026-06-04T23:02:36
matmul1gen,cpp,perlmutter-gpu-cpu,1,4,32,50000,50000,50000,500,4,1,1,0.0,0.522222,0.021794,0.0,1.676626,0.0,0.0,2026-06-04T21:58:09
matmul1comm,cpp,perlmutter-gpu-cpu,8,32,32,50000,50000,50000,5000,32,1,1,0.0,0.065343,0.00176,0.572379,2.202221,0.0,0.0,2026-06-04T21:58:32
matmul1gen,cpp,perlmutter-gpu-cpu,32,128,32,50000,50000,50000,5000,128,1,1,0.0,0.017697,0.158253,0.0,0.622628,0.0,0.0,2026-06-04T22:16:15
matmul1gen,cpp,perlmutter-gpu-cpu,8,32,32,50000,50000,50000,5000,32,1,1,0.0,0.065353,0.159031,0.0,2.20164,0.0,0.0,2026-06-04T21:56:56
matmul1gen,cpp,perlmutter-gpu,32,128,32,50000,50000,50000,5000,128,1,1,0.0,0.04514,0.020132,0.0,0.041089,0.0,0.0,2026-06-04T22:19:55
matmul,cpp,perlmutter-gpu-cpu,32,128,32,50000,50000,50000,500,8,8,2,0.052672,0.017218,0.018571,0.01386,0.104845,0.0,0.007736,2026-06-04T09:34:57
matmul,cpp,perlmutter-gpu-cpu,2,8,32,50000,50000,50000,50000,2,2,2,0.688726,0.255731,0.214489,0.785781,75.810753,0.0,0.954875,2026-06-04T22:55:03
matmul1gen,cpp,perlmutter-gpu-cpu,1,4,32,50000,50000,50000,5000,4,1,1,0.0,0.533066,0.161153,0.0,17.768321,0.0,0.0,2026-06-04T21:51:49
matmul,python,perlmutter-gpu-cpu,16,64,32,50000,50000,50000,50000,4,4,4,0.9162892990002547,-1.0,-1.0,15.464022313999976,9.534274570999969,0.0,0.2393146450003769,2026-06-04T22:48:07
matmul,python,perlmutter-gpu-cpu,2,8,32,50000,50000,50000,50000,2,2,2,0.6586012940001638,-1.0,-1.0,7.19902554600003,69.52084968200006,0.0,11.745609231999879,2026-06-04T23:01:51
matmul,python,perlmutter-gpu-cpu,8,32,32,50000,50000,50000,50000,4,4,2,0.16997971900036646,-1.0,-1.0,3.525215055999979,18.27822934599999,0.0,4.812689915000192,2026-06-04T22:54:35
matmul,cpp,perlmutter-gpu-cpu,32,128,32,50000,50000,50000,5000,8,8,2,0.050761,0.016935,0.022185,0.061969,0.672814,0.0,0.046086,2026-06-04T09:33:37
matmul1gen,cpp,perlmutter-gpu-cpu,1,4,32,50000,50000,50000,500,4,1,1,0.0,0.521614,0.016098,0.0,1.710428,0.0,0.0,2026-06-04T21:58:20
matmul1gen,cpp,perlmutter-gpu,32,128,32,50000,50000,50000,500,128,1,1,0.0,0.045557,0.000523,0.0,0.027526,0.0,0.0,2026-06-04T22:22:22
matmul1comm,cpp,perlmutter-gpu-cpu,16,64,32,50000,50000,50000,5000,64,1,1,0.0,0.033834,0.000877,0.621432,1.132943,0.0,0.0,2026-06-04T22:17:23
matmul,cpp,perlmutter-gpu-cpu,8,32,32,50000,50000,50000,50000,4,4,2,0.199657,0.064492,0.101513,0.409203,19.346821,0.0,0.913776,2026-06-04T22:43:04
matmul1comm,cpp,perlmutter-gpu-cpu,32,128,32,50000,50000,50000,500,128,1,1,0.0,0.017269,4.5e-05,0.141198,0.067317,0.0,0.0,2026-06-04T22:19:33
matmul1gen,cpp,perlmutter-gpu,1,4,32,50000,50000,50000,5000,4,1,1,0.0,1.498406,0.005702,0.0,1.473441,0.0,0.0,2026-06-04T22:40:18
matmul1gen,cpp,perlmutter-gpu-cpu,8,32,32,50000,50000,50000,5000,32,1,1,0.0,0.064604,0.158664,0.0,2.21699,0.0,0.0,2026-06-04T21:57:12
matmul1gen,cpp,perlmutter-gpu-cpu,2,8,32,50000,50000,50000,5000,8,1,1,0.0,0.2566,0.16247,0.0,8.165675,0.0,0.0,2026-06-04T21:51:33
matmul1gen,cpp,perlmutter-gpu,8,32,32,50000,50000,50000,500,32,1,1,0.0,0.191028,0.000486,0.0,0.030054,0.0,0.0,2026-06-04T22:32:28
matmul1comm,cpp,perlmutter-gpu-cpu,8,32,32,50000,50000,50000,500,32,1,1,0.0,0.066646,0.000177,0.0842,0.26154,0.0,0.0,2026-06-04T21:59:44
matmul1comm,cpp,perlmutter-gpu,16,64,32,50000,50000,50000,500,64,1,1,0.0,0.094202,0.000443,0.178851,0.032034,0.0,0.0,2026-06-04T22:24:30
matmul1comm,cpp,perlmutter-gpu-cpu,1,4,32,50000,50000,50000,5000,4,1,1,0.0,0.522804,0.026556,0.506386,17.894649,0.0,0.0,2026-06-04T21:56:57
matmul1comm,cpp,perlmutter-gpu,32,128,32,50000,50000,50000,5000,128,1,1,0.0,0.043398,0.001015,0.373026,0.075131,0.0,0.0,2026-06-04T22:20:53
matmul,cpp,perlmutter-gpu-cpu,1,4,32,50000,50000,50000,50000,2,2,1,0.599282,0.51577,0.407571,1.403219,153.827932,0.0,2.00461,2026-06-04T22:54:44
matmul1comm,cpp,perlmutter-gpu,1,4,32,50000,50000,50000,5000,4,1,1,0.0,1.51687,0.000719,0.076983,1.48595,0.0,0.0,2026-06-04T22:41:58
matmul1comm,cpp,perlmutter-gpu-cpu,32,128,32,50000,50000,50000,500,128,1,1,0.0,0.016716,4.5e-05,0.148084,0.096517,0.0,0.0,2026-06-04T22:19:27
matmul,cpp,perlmutter-gpu-cpu,4,16,32,50000,50000,50000,500,4,4,1,0.162343,0.128816,0.026882,0.023525,0.442308,0.0,0.024071,2026-06-04T09:24:03
matmul,python,perlmutter-gpu,1,4,32,50000,50000,50000,50000,2,2,1,0.5767750069999238,-1.0,-1.0,20.72535466399995,143.6621092659998,0.0,9.719265527000061,2026-06-04T22:55:56
matmul,cpp,perlmutter-gpu-cpu,8,32,32,50000,50000,50000,50000,4,4,2,0.200973,0.065272,0.070264,0.425138,19.303641,0.0,0.871519,2026-06-04T22:45:44
matmul,cpp,perlmutter-gpu-cpu,4,16,32,50000,50000,50000,50000,4,2,2,0.368636,0.134312,0.121579,0.813503,38.882802,0.0,0.847801,2026-06-04T22:49:01
matmul1gen,cpp,perlmutter-gpu-cpu,32,128,32,50000,50000,50000,500,128,1,1,0.0,0.017755,0.01509,0.0,0.073809,0.0,0.0,2026-06-04T22:19:05
matmul1comm,cpp,perlmutter-gpu,4,16,32,50000,50000,50000,500,16,1,1,0.0,0.381631,0.000156,0.080667,0.060624,0.0,0.0,2026-06-04T22:33:07
matmul1gen,cpp,perlmutter-gpu,4,16,32,50000,50000,50000,500,16,1,1,0.0,0.38225,0.009516,0.0,0.045986,0.0,0.0,2026-06-04T22:32:50
matmul1comm,cpp,perlmutter-gpu-cpu,16,64,32,50000,50000,50000,500,64,1,1,0.0,0.034302,9e-05,0.09446,0.195973,0.0,0.0,2026-06-04T22:19:52
matmul1comm,cpp,perlmutter-gpu,4,16,32,50000,50000,50000,500,16,1,1,0.0,0.379519,0.000152,0.028972,0.06015,0.0,0.0,2026-06-04T22:33:13
matmul1gen,cpp,perlmutter-gpu,1,4,32,50000,50000,50000,5000,4,1,1,0.0,1.528219,0.005765,0.0,1.480348,0.0,0.0,2026-06-04T22:40:33
matmul1gen,cpp,perlmutter-gpu-cpu,1,4,32,50000,50000,50000,500,4,1,1,0.0,0.522727,0.016245,0.0,1.700047,0.0,0.0,2026-06-04T21:58:41
matmul1gen,cpp,perlmutter-gpu-cpu,4,16,32,50000,50000,50000,5000,16,1,1,0.0,0.130029,0.157529,0.0,4.222369,0.0,0.0,2026-06-04T21:56:41
matmul1comm,cpp,perlmutter-gpu,32,128,32,50000,50000,50000,500,128,1,1,0.0,0.045568,0.000147,0.120978,0.027872,0.0,0.0,2026-06-04T22:22:51
matmul,cpp,perlmutter-gpu-cpu,32,128,32,50000,50000,50000,500,8,8,2,0.052547,0.017198,0.018792,0.033309,0.102595,0.0,0.022398,2026-06-04T09:34:33
matmul1gen,cpp,perlmutter-gpu,2,8,32,50000,50000,50000,5000,8,1,1,0.0,0.76842,0.005461,0.0,0.734595,0.0,0.0,2026-06-04T22:40:27
matmul,cpp,perlmutter-gpu-cpu,1,4,32,50000,50000,50000,500,2,2,1,0.625235,0.508693,0.023658,0.016471,1.727795,0.0,0.02365,2026-06-04T09:30:30
matmul1gen,cpp,perlmutter-gpu-cpu,32,128,32,50000,50000,50000,500,128,1,1,0.0,0.017347,0.015315,0.0,0.071913,0.0,0.0,2026-06-04T22:18:53
matmul1gen,cpp,perlmutter-gpu,16,64,32,50000,50000,50000,5000,64,1,1,0.0,0.094147,0.002978,0.0,0.097567,0.0,0.0,2026-06-04T22:21:52
matmul1comm,cpp,perlmutter-gpu-cpu,4,16,32,50000,50000,50000,500,16,1,1,0.0,0.12885,0.000657,0.062696,0.475843,0.0,0.0,2026-06-04T22:00:44
matmul1comm,cpp,perlmutter-gpu-cpu,16,64,32,50000,50000,50000,500,64,1,1,0.0,0.032081,9e-05,0.09856,0.147448,0.0,0.0,2026-06-04T22:19:30
matmul1comm,cpp,perlmutter-gpu-cpu,16,64,32,50000,50000,50000,500,64,1,1,0.0,0.034465,0.000177,0.095128,0.146438,0.0,0.0,2026-06-04T22:19:36
matmul1gen,cpp,perlmutter-gpu-cpu,1,4,32,50000,50000,50000,5000,4,1,1,0.0,0.519208,0.162456,0.0,17.794666,0.0,0.0,2026-06-04T21:54:00
matmul1gen,cpp,perlmutter-gpu,1,4,32,50000,50000,50000,500,4,1,1,0.0,1.521719,0.000487,0.0,0.162533,0.0,0.0,2026-06-04T22:42:12
matmul1gen,cpp,perlmutter-gpu,8,32,32,50000,50000,50000,500,32,1,1,0.0,0.190391,0.00052,0.0,0.036667,0.0,0.0,2026-06-04T22:32:22
matmul,cpp,perlmutter-gpu-cpu,4,16,32,50000,50000,50000,5000,4,4,1,0.164897,0.129822,0.051229,0.533055,4.513622,0.0,0.172225,2026-06-04T09:23:19
matmul1comm,cpp,perlmutter-gpu-cpu,4,16,32,50000,50000,50000,500,16,1,1,0.0,0.129633,0.000358,0.068893,0.479908,0.0,0.0,2026-06-04T22:01:01
matmul1gen,cpp,perlmutter-gpu,8,32,32,50000,50000,50000,5000,32,1,1,0.0,0.190478,0.005431,0.0,0.203238,0.0,0.0,2026-06-04T22:30:58
matmul,cpp,perlmutter-gpu-cpu,8,32,32,50000,50000,50000,50000,4,4,2,0.200094,0.065599,0.146533,0.408086,19.323231,0.0,0.871009,2026-06-04T22:41:44
matmul1gen,cpp,perlmutter-gpu-cpu,2,8,32,50000,50000,50000,5000,8,1,1,0.0,0.277976,0.163155,0.0,7.976898,0.0,0.0,2026-06-04T21:51:07
matmul1gen,cpp,perlmutter-gpu-cpu,8,32,32,50000,50000,50000,5000,32,1,1,0.0,0.066419,0.159992,0.0,2.167834,0.0,0.0,2026-06-04T21:56:41
matmul,cpp,perlmutter-gpu-cpu,1,4,32,50000,50000,50000,5000,2,2,1,0.577163,0.50775,0.059971,0.134912,16.57557,0.0,0.212437,2026-06-04T09:27:35
matmul1gen,cpp,perlmutter-gpu,32,128,32,50000,50000,50000,5000,128,1,1,0.0,0.041852,0.004815,0.0,0.110388,0.0,0.0,2026-06-04T22:19:48
matmul1comm,cpp,perlmutter-gpu-cpu,4,16,32,50000,50000,50000,5000,16,1,1,0.0,0.12826,0.008429,0.5862,4.231385,0.0,0.0,2026-06-04T21:58:20
matmul1comm,cpp,perlmutter-gpu-cpu,8,32,32,50000,50000,50000,5000,32,1,1,0.0,0.067628,0.001738,0.554257,2.205846,0.0,0.0,2026-06-04T21:58:00
matmul1gen,cpp,perlmutter-gpu-cpu,1,4,32,50000,50000,50000,5000,4,1,1,0.0,0.517021,0.165843,0.0,17.842339,0.0,0.0,2026-06-04T21:53:38
matmul,python,perlmutter-gpu-cpu,2,8,32,50000,50000,50000,50000,2,2,2,15.568867317000013,-1.0,-1.0,0.7398780980000197,72.57035884599998,0.0,3.9184797649999155,2026-06-04T23:08:41
matmul1gen,cpp,perlmutter-gpu,2,8,32,50000,50000,50000,5000,8,1,1,0.0,0.772189,0.006084,0.0,0.749882,0.0,0.0,2026-06-04T22:39:59
matmul1comm,cpp,perlmutter-gpu,2,8,32,50000,50000,50000,5000,8,1,1,0.0,0.751063,0.000415,0.233219,0.740329,0.0,0.0,2026-06-04T22:40:47
matmul,python,perlmutter-gpu-cpu,4,16,32,50000,50000,50000,50000,4,2,2,0.8345619189999525,-1.0,-1.0,7.839757058000032,35.555095671000345,0.0,5.150187074000314,2026-06-04T22:52:40
matmul,cpp,perlmutter-gpu-cpu,1,4,32,50000,50000,50000,50000,2,2,1,0.588258,0.519032,0.403957,1.346569,153.739552,0.0,1.807777,2026-06-04T23:05:29
matmul,cpp,perlmutter-gpu-cpu,2,8,32,50000,50000,50000,50000,2,2,2,0.691517,0.257996,0.214623,0.762014,76.031148,0.0,0.891954,2026-06-04T22:52:18
matmul,cpp,perlmutter-gpu-cpu,1,4,32,50000,50000,50000,500,2,2,1,0.586004,0.515924,0.023648,0.015611,1.729188,0.0,0.044682,2026-06-04T09:30:45
matmul,python,perlmutter-gpu-cpu,4,16,32,50000,50000,50000,50000,4,2,2,1.6196110429996224,-1.0,-1.0,7.122584658999585,35.65843598399988,0.0,4.786799470999995,2026-06-04T22:56:17
matmul1gen,cpp,perlmutter-gpu,32,128,32,50000,50000,50000,5000,128,1,1,0.0,0.047182,0.003157,0.0,0.070455,0.0,0.0,2026-06-04T22:20:23
matmul1comm,cpp,perlmutter-gpu-cpu,8,32,32,50000,50000,50000,500,32,1,1,0.0,0.065545,0.000178,0.142162,0.257342,0.0,0.0,2026-06-04T21:59:33
matmul1gen,cpp,perlmutter-gpu,8,32,32,50000,50000,50000,500,32,1,1,0.0,0.193095,0.000521,0.0,0.039358,0.0,0.0,2026-06-04T22:33:08
matmul1gen,cpp,perlmutter-gpu,4,16,32,50000,50000,50000,500,16,1,1,0.0,0.379467,0.001125,0.0,0.054942,0.0,0.0,2026-06-04T22:32:15
matmul1comm,cpp,perlmutter-gpu-cpu,8,32,32,50000,50000,50000,5000,32,1,1,0.0,0.06495,0.001772,0.627109,2.208692,0.0,0.0,2026-06-04T21:57:20
matmul,cpp,perlmutter-gpu,1,4,32,50000,50000,50000,50000,2,2,1,0.0,1.530129,0.043184,0.0,0.0,0.0,0.0,2026-06-04T22:41:50
matmul1gen,cpp,perlmutter-gpu,4,16,32,50000,50000,50000,5000,16,1,1,0.0,0.382572,0.004806,0.0,0.377764,0.0,0.0,2026-06-04T22:30:34
matmul1comm,cpp,perlmutter-gpu,32,128,32,50000,50000,50000,5000,128,1,1,0.0,0.034077,0.000157,0.297941,0.074711,0.0,0.0,2026-06-04T22:20:47
matmul,cpp,perlmutter-gpu-cpu,32,128,32,50000,50000,50000,50000,8,4,4,0.164136,0.017012,0.03565,0.256587,5.046468,0.0,0.287574,2026-06-04T22:47:20
matmul1gen,cpp,perlmutter-gpu-cpu,16,64,32,50000,50000,50000,5000,64,1,1,0.0,0.033934,0.157346,0.0,1.136073,0.0,0.0,2026-06-04T22:16:14
matmul1comm,cpp,perlmutter-gpu,2,8,32,50000,50000,50000,5000,8,1,1,0.0,0.761348,0.000421,0.322873,0.735129,0.0,0.0,2026-06-04T22:41:22
matmul1gen,cpp,perlmutter-gpu,16,64,32,50000,50000,50000,5000,64,1,1,0.0,0.094704,0.00322,0.0,0.116147,0.0,0.0,2026-06-04T22:21:35
matmul,cpp,perlmutter-gpu-cpu,32,128,32,50000,50000,50000,50000,8,4,4,0.137926,0.01764,0.03268,0.276159,5.043154,0.0,0.286552,2026-06-04T22:48:21
matmul1comm,cpp,perlmutter-gpu,32,128,32,50000,50000,50000,5000,128,1,1,0.0,0.040194,0.000166,0.301419,0.059461,0.0,0.0,2026-06-04T22:21:17
matmul1comm,cpp,perlmutter-gpu,2,8,32,50000,50000,50000,500,8,1,1,0.0,0.765157,0.000173,0.015854,0.097232,0.0,0.0,2026-06-04T22:42:59
matmul1comm,cpp,perlmutter-gpu,8,32,32,50000,50000,50000,5000,32,1,1,0.0,0.188294,0.000212,0.306293,0.198522,0.0,0.0,2026-06-04T22:32:02
matmul1gen,cpp,perlmutter-gpu-cpu,32,128,32,50000,50000,50000,5000,128,1,1,0.0,0.017867,0.156584,0.0,0.597034,0.0,0.0,2026-06-04T22:16:39
matmul,cpp,perlmutter-gpu-cpu,8,32,32,50000,50000,50000,5000,8,4,1,0.081341,0.064172,0.023436,0.103378,2.07818,0.0,0.09139,2026-06-04T09:27:27
matmul1gen,cpp,perlmutter-gpu-cpu,16,64,32,50000,50000,50000,5000,64,1,1,0.0,0.033298,0.158836,0.0,1.135015,0.0,0.0,2026-06-04T22:16:21
matmul1gen,cpp,perlmutter-gpu-cpu,16,64,32,50000,50000,50000,5000,64,1,1,0.0,0.033623,0.159189,0.0,1.122529,0.0,0.0,2026-06-04T22:17:01
matmul,cpp,perlmutter-gpu-cpu,1,4,32,50000,50000,50000,5000,2,2,1,0.576094,0.506527,0.059111,0.145724,16.639879,0.0,0.190191,2026-06-04T09:28:39
matmul1comm,cpp,perlmutter-gpu-cpu,1,4,32,50000,50000,50000,5000,4,1,1,0.0,0.516124,0.026475,0.406167,17.727491,0.0,0.0,2026-06-04T21:58:04
matmul1gen,cpp,perlmutter-gpu-cpu,32,128,32,50000,50000,50000,500,128,1,1,0.0,0.017053,0.015299,0.0,0.071712,0.0,0.0,2026-06-04T22:18:31
matmul,cpp,perlmutter-gpu-cpu,1,4,32,50000,50000,50000,5000,2,2,1,0.582222,0.506291,0.058996,0.15997,16.545692,0.0,0.191747,2026-06-04T09:29:22
matmul,cpp,perlmutter-gpu-cpu,8,32,32,50000,50000,50000,50000,4,4,2,0.19727,0.067864,0.070168,0.413737,19.336265,0.0,0.862671,2026-06-04T22:44:24
matmul,cpp,perlmutter-gpu-cpu,4,16,32,50000,50000,50000,500,4,4,1,0.162144,0.12889,0.02902,0.028201,0.423038,0.0,0.015442,2026-06-04T09:23:37
matmul,cpp,perlmutter-gpu-cpu,32,128,32,50000,50000,50000,50000,8,4,4,0.132129,0.016861,0.040963,0.279128,5.040248,0.0,0.330402,2026-06-04T22:47:45
matmul1comm,cpp,perlmutter-gpu,2,8,32,50000,50000,50000,500,8,1,1,0.0,0.7618,0.000315,0.015308,0.096004,0.0,0.0,2026-06-04T22:43:29
matmul1gen,cpp,perlmutter-gpu-cpu,2,8,32,50000,50000,50000,5000,8,1,1,0.0,0.256579,0.161111,0.0,8.228175,0.0,0.0,2026-06-04T21:52:48
matmul1gen,cpp,perlmutter-gpu,16,64,32,50000,50000,50000,500,64,1,1,0.0,0.09265,0.000526,0.0,0.026458,0.0,0.0,2026-06-04T22:24:01
matmul1comm,cpp,perlmutter-gpu,16,64,32,50000,50000,50000,5000,64,1,1,0.0,0.094718,0.000174,0.358797,0.114274,0.0,0.0,2026-06-04T22:22:40
matmul1comm,cpp,perlmutter-gpu,4,16,32,50000,50000,50000,500,16,1,1,0.0,0.394015,0.000191,0.169951,0.053004,0.0,0.0,2026-06-04T22:33:42
matmul1comm,cpp,perlmutter-gpu,8,32,32,50000,50000,50000,500,32,1,1,0.0,0.190205,0.000676,0.159111,0.042706,0.0,0.0,2026-06-04T22:33:55
matmul1gen,cpp,perlmutter-gpu-cpu,16,64,32,50000,50000,50000,500,64,1,1,0.0,0.032956,0.016853,0.0,0.146691,0.0,0.0,2026-06-04T22:18:35
matmul,cpp,perlmutter-gpu-cpu,1,4,32,50000,50000,50000,500,2,2,1,0.583068,0.523561,0.022854,0.020428,1.738326,0.0,0.02589,2026-06-04T09:30:56
matmul1gen,cpp,perlmutter-gpu,4,16,32,50000,50000,50000,5000,16,1,1,0.0,0.382044,0.005415,0.0,0.382048,0.0,0.0,2026-06-04T22:30:52
matmul1comm,cpp,perlmutter-gpu-cpu,2,8,32,50000,50000,50000,5000,8,1,1,0.0,0.253933,0.013129,0.537302,8.206668,0.0,0.0,2026-06-04T21:54:20
matmul1comm,cpp,perlmutter-gpu-cpu,8,32,32,50000,50000,50000,5000,32,1,1,0.0,0.066285,0.001741,0.560656,2.189094,0.0,0.0,2026-06-04T21:58:16
matmul1gen,cpp,perlmutter-gpu-cpu,16,64,32,50000,50000,50000,5000,64,1,1,0.0,0.033006,0.159587,0.0,1.132101,0.0,0.0,2026-06-04T22:16:28
matmul1gen,cpp,perlmutter-gpu-cpu,32,128,32,50000,50000,50000,500,128,1,1,0.0,0.016941,0.015246,0.0,0.075602,0.0,0.0,2026-06-04T22:18:19
matmul,cpp,perlmutter-gpu-cpu,4,16,32,50000,50000,50000,500,4,4,1,0.160297,0.127721,0.027092,0.031306,0.443048,0.0,0.018613,2026-06-04T09:23:45
matmul,cpp,perlmutter-gpu-cpu,8,32,32,50000,50000,50000,500,8,4,1,0.080556,0.064659,0.020847,0.027508,0.244864,0.0,0.023813,2026-06-04T09:28:15
matmul1comm,cpp,perlmutter-gpu,4,16,32,50000,50000,50000,5000,16,1,1,0.0,0.379633,0.000281,0.172237,0.361072,0.0,0.0,2026-06-04T22:31:06
matmul1comm,cpp,perlmutter-gpu-cpu,1,4,32,50000,50000,50000,500,4,1,1,0.0,0.523316,0.001403,0.05503,1.708981,0.0,0.0,2026-06-04T21:59:02
matmul1comm,cpp,perlmutter-gpu-cpu,16,64,32,50000,50000,50000,5000,64,1,1,0.0,0.034082,0.000875,0.62388,1.145057,0.0,0.0,2026-06-04T22:17:37
matmul,cpp,perlmutter-gpu-cpu,16,64,32,50000,50000,50000,50000,4,4,4,0.307291,0.032243,0.050733,0.227528,9.928676,0.0,0.239798,2026-06-04T22:42:40
matmul1comm,cpp,perlmutter-gpu,8,32,32,50000,50000,50000,5000,32,1,1,0.0,0.190482,0.002237,0.312128,0.200283,0.0,0.0,2026-06-04T22:31:05
matmul1comm,cpp,perlmutter-gpu,1,4,32,50000,50000,50000,500,4,1,1,0.0,1.492984,0.000198,0.011922,0.17075,0.0,0.0,2026-06-04T22:43:34
matmul,cpp,perlmutter-gpu-cpu,4,16,32,50000,50000,50000,5000,4,4,1,0.162579,0.129021,0.15202,0.567043,4.568202,0.0,0.159342,2026-06-04T09:22:12
matmul,python,perlmutter-gpu-cpu,16,64,32,50000,50000,50000,50000,4,4,4,2.3853426610003226,-1.0,-1.0,1.1890723999999864,9.538753024000016,0.0,0.23809899800016865,2026-06-04T22:45:09
matmul,cpp,perlmutter-gpu-cpu,2,8,32,50000,50000,50000,500,4,2,1,0.309834,0.257824,0.0227,0.03185,0.882575,0.0,0.016958,2026-06-04T09:29:45
matmul,python,perlmutter-gpu-cpu,8,32,32,50000,50000,50000,50000,4,4,2,0.1709409080003752,-1.0,-1.0,3.451509483999871,18.57408672700012,0.0,2.690423753000232,2026-06-04T22:48:44
matmul,cpp,perlmutter-gpu-cpu,32,128,32,50000,50000,50000,5000,8,8,2,0.051629,0.017009,0.021919,0.051531,0.694268,0.0,0.035337,2026-06-04T09:33:11
matmul,cpp,perlmutter-gpu-cpu,8,32,32,50000,50000,50000,500,8,4,1,0.080519,0.063987,0.020656,0.027123,0.241208,0.0,0.046938,2026-06-04T09:28:27
matmul1gen,cpp,perlmutter-gpu-cpu,1,4,32,50000,50000,50000,500,4,1,1,0.0,0.515932,0.017646,0.0,1.7159,0.0,0.0,2026-06-04T21:58:57
matmul,cpp,perlmutter-gpu-cpu,1,4,32,50000,50000,50000,5000,2,2,1,0.579912,0.511679,0.059806,0.191352,16.510695,0.0,0.205479,2026-06-04T09:27:57
matmul1gen,cpp,perlmutter-gpu-cpu,4,16,32,50000,50000,50000,500,16,1,1,0.0,0.129656,0.017212,0.0,0.480428,0.0,0.0,2026-06-04T21:59:28
matmul,cpp,perlmutter-gpu-cpu,1,4,32,50000,50000,50000,5000,2,2,1,0.579726,0.530956,0.059186,0.169519,16.566996,0.0,0.184138,2026-06-04T09:30:03
matmul1comm,cpp,perlmutter-gpu-cpu,4,16,32,50000,50000,50000,500,16,1,1,0.0,0.128797,0.000355,0.071562,0.482359,0.0,0.0,2026-06-04T22:00:55
matmul,cpp,perlmutter-gpu-cpu,2,8,32,50000,50000,50000,50000,2,2,2,0.704056,0.259488,0.213156,0.739624,75.993101,0.0,0.902815,2026-06-04T22:46:48
matmul1gen,cpp,perlmutter-gpu,2,8,32,50000,50000,50000,500,8,1,1,0.0,0.76543,0.006775,0.0,0.0397,0.0,0.0,2026-06-04T22:42:14
matmul1gen,cpp,perlmutter-gpu-cpu,2,8,32,50000,50000,50000,500,8,1,1,0.0,0.260095,0.018959,0.0,0.883765,0.0,0.0,2026-06-04T21:55:19
matmul,cpp,perlmutter-gpu-cpu,32,128,32,50000,50000,50000,500,8,8,2,0.055243,0.017062,0.01888,0.030574,0.103771,0.0,0.008227,2026-06-04T09:34:22
matmul1comm,cpp,perlmutter-gpu,16,64,32,50000,50000,50000,5000,64,1,1,0.0,0.089248,0.000173,0.252424,0.111896,0.0,0.0,2026-06-04T22:22:46
matmul,python,perlmutter-gpu-cpu,8,32,32,50000,50000,50000,50000,4,4,2,4.974045248999573,-1.0,-1.0,0.44569738400014103,18.38897230700013,0.0,1.081173463000141,2026-06-04T22:53:36
matmul1comm,cpp,perlmutter-gpu-cpu,8,32,32,50000,50000,50000,500,32,1,1,0.0,0.066537,0.000178,0.086152,0.26214,0.0,0.0,2026-06-04T21:59:55
matmul1gen,cpp,perlmutter-gpu-cpu,2,8,32,50000,50000,50000,500,8,1,1,0.0,0.258488,0.016379,0.0,0.902307,0.0,0.0,2026-06-04T21:55:09
matmul1gen,cpp,perlmutter-gpu,8,32,32,50000,50000,50000,5000,32,1,1,0.0,0.192438,0.008582,0.0,0.249357,0.0,0.0,2026-06-04T22:29:57
matmul1gen,cpp,perlmutter-gpu-cpu,1,4,32,50000,50000,50000,500,4,1,1,0.0,0.514585,0.015802,0.0,1.706348,0.0,0.0,2026-06-04T21:58:46
matmul,cpp,perlmutter-gpu-cpu,32,128,32,50000,50000,50000,50000,8,4,4,0.169016,0.017754,0.032703,0.246718,5.062696,0.0,0.269388,2026-06-04T22:47:32
matmul,cpp,perlmutter-gpu-cpu,2,8,32,50000,50000,50000,5000,4,2,1,0.308268,0.256374,0.039305,0.243973,8.832467,0.0,0.154238,2026-06-04T09:28:26
matmul1gen,cpp,perlmutter-gpu-cpu,16,64,32,50000,50000,50000,500,64,1,1,0.0,0.034083,0.017016,0.0,0.149916,0.0,0.0,2026-06-04T22:18:24
matmul1comm,cpp,perlmutter-gpu-cpu,32,128,32,50000,50000,50000,5000,128,1,1,0.0,0.016758,0.000472,0.718296,0.614712,0.0,0.0,2026-06-04T22:18:08
matmul1gen,cpp,perlmutter-gpu-cpu,4,16,32,50000,50000,50000,500,16,1,1,0.0,0.127784,0.015516,0.0,0.483046,0.0,0.0,2026-06-04T21:59:34
matmul,cpp,perlmutter-gpu-cpu,4,16,32,50000,50000,50000,50000,4,2,2,0.374022,0.132854,0.176539,0.8094,38.894507,0.0,0.981957,2026-06-04T22:42:03
matmul1comm,cpp,perlmutter-gpu-cpu,1,4,32,50000,50000,50000,500,4,1,1,0.0,0.51552,0.001402,0.05679,1.703371,0.0,0.0,2026-06-04T21:59:45
matmul1gen,cpp,perlmutter-gpu-cpu,2,8,32,50000,50000,50000,500,8,1,1,0.0,0.260984,0.015801,0.0,0.892429,0.0,0.0,2026-06-04T21:55:44
matmul,python,perlmutter-gpu-cpu,32,128,32,50000,50000,50000,50000,8,4,4,0.2029324989998713,-1.0,-1.0,1.2197371870001916,4.75539466500004,0.0,3.614954120999755,2026-06-04T22:50:47
matmul1gen,cpp,perlmutter-gpu,2,8,32,50000,50000,50000,500,8,1,1,0.0,0.733502,0.01013,0.0,0.070335,0.0,0.0,2026-06-04T22:42:40
matmul1comm,cpp,perlmutter-gpu-cpu,1,4,32,50000,50000,50000,5000,4,1,1,0.0,0.51634,0.026687,0.433695,17.612196,0.0,0.0,2026-06-04T21:54:45
matmul1gen,cpp,perlmutter-gpu-cpu,16,64,32,50000,50000,50000,5000,64,1,1,0.0,0.033974,0.158599,0.0,1.125795,0.0,0.0,2026-06-04T22:16:08
matmul1comm,cpp,perlmutter-gpu,16,64,32,50000,50000,50000,5000,64,1,1,0.0,0.08465,0.000998,0.337738,0.10929,0.0,0.0,2026-06-04T22:22:28
matmul,cpp,perlmutter-gpu-cpu,8,32,32,50000,50000,50000,50000,4,4,2,0.199747,0.065298,0.070077,0.410564,19.329746,0.0,0.86843,2026-06-04T22:45:17
matmul1comm,cpp,perlmutter-gpu-cpu,16,64,32,50000,50000,50000,5000,64,1,1,0.0,0.03437,0.000875,0.653552,1.153852,0.0,0.0,2026-06-04T22:18:05
matmul1gen,cpp,perlmutter-gpu,32,128,32,50000,50000,50000,5000,128,1,1,0.0,0.045449,0.003203,0.0,0.06592,0.0,0.0,2026-06-04T22:20:17
matmul1comm,cpp,perlmutter-gpu,32,128,32,50000,50000,50000,5000,128,1,1,0.0,0.045508,0.000404,0.225317,0.073452,0.0,0.0,2026-06-04T22:20:59
matmul1comm,cpp,perlmutter-gpu-cpu,8,32,32,50000,50000,50000,500,32,1,1,0.0,0.065668,0.000192,0.090453,0.256268,0.0,0.0,2026-06-04T22:00:01
matmul1comm,cpp,perlmutter-gpu,16,64,32,50000,50000,50000,500,64,1,1,0.0,0.087978,0.000154,0.172459,0.032732,0.0,0.0,2026-06-04T22:24:48
matmul1comm,cpp,perlmutter-gpu,4,16,32,50000,50000,50000,500,16,1,1,0.0,0.380914,0.000152,0.043794,0.059599,0.0,0.0,2026-06-04T22:33:01
matmul1gen,cpp,perlmutter-gpu-cpu,1,4,32,50000,50000,50000,5000,4,1,1,0.0,0.516887,0.162447,0.0,17.766237,0.0,0.0,2026-06-04T21:52:55
matmul1gen,cpp,perlmutter-gpu,16,64,32,50000,50000,50000,5000,64,1,1,0.0,0.094293,0.01255,0.0,0.057144,0.0,0.0,2026-06-04T22:21:46
matmul1gen,cpp,perlmutter-gpu,16,64,32,50000,50000,50000,500,64,1,1,0.0,0.083691,0.000762,0.0,0.029218,0.0,0.0,2026-06-04T22:23:27
matmul,cpp,perlmutter-gpu-cpu,16,64,32,50000,50000,50000,50000,4,4,4,0.308496,0.032926,0.045222,0.214978,9.934416,0.0,0.239587,2026-06-04T22:42:24
matmul1comm,cpp,perlmutter-gpu-cpu,8,32,32,50000,50000,50000,5000,32,1,1,0.0,0.065944,0.001736,0.58062,2.19737,0.0,0.0,2026-06-04T21:57:36
matmul,cpp,perlmutter-gpu-cpu,16,64,32,50000,50000,50000,5000,8,8,1,0.040652,0.032381,0.022573,0.052869,1.063982,0.0,0.089598,2026-06-04T09:29:31
matmul1gen,cpp,perlmutter-gpu,1,4,32,50000,50000,50000,5000,4,1,1,0.0,1.537401,0.002637,0.0,1.461669,0.0,0.0,2026-06-04T22:39:48
matmul1comm,cpp,perlmutter-gpu-cpu,4,16,32,50000,50000,50000,500,16,1,1,0.0,0.129788,0.000357,0.065794,0.482028,0.0,0.0,2026-06-04T22:01:07
matmul1gen,cpp,perlmutter-gpu,2,8,32,50000,50000,50000,500,8,1,1,0.0,0.759921,0.00048,0.0,0.080353,0.0,0.0,2026-06-04T22:42:53
matmul1gen,cpp,perlmutter-gpu-cpu,4,16,32,50000,50000,50000,5000,16,1,1,0.0,0.128748,0.158343,0.0,4.239596,0.0,0.0,2026-06-04T21:56:22
matmul1gen,cpp,perlmutter-gpu-cpu,32,128,32,50000,50000,50000,500,128,1,1,0.0,0.017058,0.017211,0.0,0.070201,0.0,0.0,2026-06-04T22:18:59
matmul,cpp,perlmutter-gpu-cpu,16,64,32,50000,50000,50000,5000,8,8,1,0.042427,0.033284,0.022482,0.049157,1.05678,0.0,0.125459,2026-06-04T09:29:24
matmul1gen,cpp,perlmutter-gpu-cpu,2,8,32,50000,50000,50000,500,8,1,1,0.0,0.255129,0.016645,0.0,0.909626,0.0,0.0,2026-06-04T21:55:14
matmul1comm,cpp,perlmutter-gpu-cpu,2,8,32,50000,50000,50000,5000,8,1,1,0.0,0.255731,0.014785,0.540845,8.146212,0.0,0.0,2026-06-04T21:53:14
matmul1gen,cpp,perlmutter-gpu-cpu,4,16,32,50000,50000,50000,5000,16,1,1,0.0,0.129508,0.158575,0.0,4.196133,0.0,0.0,2026-06-04T21:57:10
matmul1comm,cpp,perlmutter-gpu-cpu,4,16,32,50000,50000,50000,500,16,1,1,0.0,0.128597,0.000359,0.077922,0.490472,0.0,0.0,2026-06-04T22:00:15
matmul1gen,cpp,perlmutter-gpu-cpu,1,4,32,50000,50000,50000,5000,4,1,1,0.0,0.517629,0.164808,0.0,17.724931,0.0,0.0,2026-06-04T21:52:33
matmul1comm,cpp,perlmutter-gpu-cpu,4,16,32,50000,50000,50000,500,16,1,1,0.0,0.130118,0.000659,0.083514,0.47675,0.0,0.0,2026-06-04T22:00:32
matmul,python,perlmutter-gpu-cpu,16,64,32,50000,50000,50000,50000,4,4,4,0.5641411290002907,-1.0,-1.0,1.5663519479999195,9.50451085800023,0.0,8.922784441999738,2026-06-04T22:49:54
matmul1gen,cpp,perlmutter-gpu,32,128,32,50000,50000,50000,500,128,1,1,0.0,0.047141,0.000501,0.0,0.026569,0.0,0.0,2026-06-04T22:21:53
matmul,python,perlmutter-gpu-cpu,8,32,32,50000,50000,50000,50000,4,4,2,0.2552692730000672,-1.0,-1.0,4.2223958549998315,18.389289530000042,0.0,2.0890796869998667,2026-06-04T22:46:49
matmul1comm,cpp,perlmutter-gpu-cpu,8,32,32,50000,50000,50000,500,32,1,1,0.0,0.068597,0.000348,0.095337,0.254271,0.0,0.0,2026-06-04T22:00:23
matmul1comm,cpp,perlmutter-gpu,2,8,32,50000,50000,50000,500,8,1,1,0.0,0.748841,0.000171,0.018288,0.096513,0.0,0.0,2026-06-04T22:43:42
matmul,cpp,perlmutter-gpu-cpu,32,128,32,50000,50000,50000,5000,8,8,2,0.050396,0.017228,0.020935,0.030898,0.684725,0.0,0.065832,2026-06-04T09:33:30
matmul1gen,cpp,perlmutter-gpu,4,16,32,50000,50000,50000,500,16,1,1,0.0,0.381513,0.00052,0.0,0.053818,0.0,0.0,2026-06-04T22:32:38
matmul1gen,cpp,perlmutter-gpu-cpu,2,8,32,50000,50000,50000,500,8,1,1,0.0,0.254992,0.01559,0.0,0.889967,0.0,0.0,2026-06-04T21:55:34
matmul1comm,cpp,perlmutter-gpu-cpu,1,4,32,50000,50000,50000,5000,4,1,1,0.0,0.51165,0.026523,0.406583,17.736197,0.0,0.0,2026-06-04T21:56:35
matmul1gen,cpp,perlmutter-gpu,1,4,32,50000,50000,50000,500,4,1,1,0.0,1.521522,0.010273,0.0,0.130475,0.0,0.0,2026-06-04T22:43:02
matmul1comm,cpp,perlmutter-gpu,8,32,32,50000,50000,50000,500,32,1,1,0.0,0.189725,0.000151,0.152683,0.041752,0.0,0.0,2026-06-04T22:33:22
matmul1comm,cpp,perlmutter-gpu,16,64,32,50000,50000,50000,5000,64,1,1,0.0,0.087836,0.001781,0.373061,0.120842,0.0,0.0,2026-06-04T22:22:09
matmul1gen,cpp,perlmutter-gpu,4,16,32,50000,50000,50000,500,16,1,1,0.0,0.382222,0.000524,0.0,0.049206,0.0,0.0,2026-06-04T22:32:27
matmul1gen,cpp,perlmutter-gpu-cpu,8,32,32,50000,50000,50000,5000,32,1,1,0.0,0.066619,0.157998,0.0,2.188449,0.0,0.0,2026-06-04T21:56:26
matmul,cpp,perlmutter-gpu-cpu,8,32,32,50000,50000,50000,5000,8,4,1,0.083773,0.064598,0.02395,0.100857,2.07737,0.0,0.074705,2026-06-04T09:27:19
matmul,cpp,perlmutter-gpu-cpu,16,64,32,50000,50000,50000,500,8,8,1,0.04164,0.032805,0.019331,0.02384,0.134289,0.0,0.012861,2026-06-04T09:30:32
matmul1comm,cpp,perlmutter-gpu-cpu,2,8,32,50000,50000,50000,500,8,1,1,0.0,0.25519,0.000698,0.064667,0.903049,0.0,0.0,2026-06-04T21:56:24
matmul1comm,cpp,perlmutter-gpu,1,4,32,50000,50000,50000,5000,4,1,1,0.0,1.532101,0.000703,0.074096,1.487616,0.0,0.0,2026-06-04T22:41:12
matmul,python,perlmutter-gpu-cpu,32,128,32,50000,50000,50000,50000,8,4,4,0.29177705299980516,-1.0,-1.0,0.9554630340003314,4.757120064999981,0.0,1.3414537949997793,2026-06-04T22:51:53
matmul1gen,cpp,perlmutter-gpu,8,32,32,50000,50000,50000,500,32,1,1,0.0,0.191847,0.000492,0.0,0.035942,0.0,0.0,2026-06-04T22:33:15
matmul1gen,cpp,perlmutter-gpu,4,16,32,50000,50000,50000,5000,16,1,1,0.0,0.379958,0.004831,0.0,0.382456,0.0,0.0,2026-06-04T22:30:27
matmul1comm,cpp,perlmutter-gpu-cpu,1,4,32,50000,50000,50000,5000,4,1,1,0.0,0.518013,0.026751,0.410906,17.729308,0.0,0.0,2026-06-04T21:55:07
matmul1comm,cpp,perlmutter-gpu,32,128,32,50000,50000,50000,5000,128,1,1,0.0,0.045723,0.003544,0.217959,0.071437,0.0,0.0,2026-06-04T22:21:29
matmul1gen,cpp,perlmutter-gpu-cpu,4,16,32,50000,50000,50000,5000,16,1,1,0.0,0.129138,0.158698,0.0,4.23339,0.0,0.0,2026-06-04T21:57:30
matmul1gen,cpp,perlmutter-gpu-cpu,2,8,32,50000,50000,50000,5000,8,1,1,0.0,0.256776,0.157346,0.0,8.30282,0.0,0.0,2026-06-04T21:51:20
matmul1comm,cpp,perlmutter-gpu-cpu,2,8,32,50000,50000,50000,5000,8,1,1,0.0,0.255894,0.013354,0.539478,8.204509,0.0,0.0,2026-06-04T21:53:01
matmul1comm,cpp,perlmutter-gpu-cpu,1,4,32,50000,50000,50000,500,4,1,1,0.0,0.516281,0.0014,0.055201,1.712538,0.0,0.0,2026-06-04T21:59:34
matmul1comm,cpp,perlmutter-gpu-cpu,32,128,32,50000,50000,50000,500,128,1,1,0.0,0.017116,4.6e-05,0.158456,0.072471,0.0,0.0,2026-06-04T22:19:44
matmul1gen,cpp,perlmutter-gpu-cpu,4,16,32,50000,50000,50000,5000,16,1,1,0.0,0.128421,0.157807,0.0,4.204728,0.0,0.0,2026-06-04T21:57:20
matmul1comm,cpp,perlmutter-gpu,8,32,32,50000,50000,50000,5000,32,1,1,0.0,0.19325,0.000212,0.335282,0.188206,0.0,0.0,2026-06-04T22:31:33
matmul1comm,cpp,perlmutter-gpu-cpu,32,128,32,50000,50000,50000,500,128,1,1,0.0,0.017355,5.5e-05,0.156029,0.073247,0.0,0.0,2026-06-04T22:19:50
matmul,cpp,perlmutter-gpu-cpu,1,4,32,50000,50000,50000,5000,2,2,1,0.577692,0.505704,0.061501,0.139897,16.513981,0.0,0.33086,2026-06-04T09:29:43
matmul1gen,cpp,perlmutter-gpu-cpu,16,64,32,50000,50000,50000,500,64,1,1,0.0,0.034613,0.015581,0.0,0.150997,0.0,0.0,2026-06-04T22:18:57
matmul1gen,cpp,perlmutter-gpu,1,4,32,50000,50000,50000,5000,4,1,1,0.0,1.533686,0.018046,0.0,1.464066,0.0,0.0,2026-06-04T22:40:03
matmul1comm,cpp,perlmutter-gpu-cpu,1,4,32,50000,50000,50000,5000,4,1,1,0.0,0.515565,0.026552,0.43445,17.900344,0.0,0.0,2026-06-04T21:57:20
matmul1gen,cpp,perlmutter-gpu-cpu,8,32,32,50000,50000,50000,500,32,1,1,0.0,0.06802,0.014408,0.0,0.260291,0.0,0.0,2026-06-04T21:59:22
matmul1comm,cpp,perlmutter-gpu,32,128,32,50000,50000,50000,500,128,1,1,0.0,0.045429,0.002421,0.141301,0.028004,0.0,0.0,2026-06-04T22:23:26
matmul1gen,cpp,perlmutter-gpu-cpu,16,64,32,50000,50000,50000,500,64,1,1,0.0,0.032379,0.014839,0.0,0.144193,0.0,0.0,2026-06-04T22:18:51
matmul1gen,cpp,perlmutter-gpu-cpu,1,4,32,50000,50000,50000,500,4,1,1,0.0,0.516748,0.015767,0.0,1.715709,0.0,0.0,2026-06-04T21:58:51
matmul1comm,cpp,perlmutter-gpu-cpu,1,4,32,50000,50000,50000,5000,4,1,1,0.0,0.518048,0.026558,0.438941,17.765867,0.0,0.0,2026-06-04T21:55:51
matmul,cpp,perlmutter-gpu-cpu,2,8,32,50000,50000,50000,500,4,2,1,0.31121,0.25879,0.022323,0.026931,0.884725,0.0,0.024079,2026-06-04T09:29:55
matmul1comm,cpp,perlmutter-gpu,8,32,32,50000,50000,50000,500,32,1,1,0.0,0.190395,0.000147,0.198947,0.041882,0.0,0.0,2026-06-04T22:34:08
matmul1comm,cpp,perlmutter-gpu-cpu,32,128,32,50000,50000,50000,500,128,1,1,0.0,0.017514,4.7e-05,0.132797,0.069511,0.0,0.0,2026-06-04T22:19:10
matmul1gen,cpp,perlmutter-gpu,32,128,32,50000,50000,50000,5000,128,1,1,0.0,0.045781,0.002984,0.0,0.054527,0.0,0.0,2026-06-04T22:20:35
matmul1gen,cpp,perlmutter-gpu-cpu,4,16,32,50000,50000,50000,500,16,1,1,0.0,0.129594,0.016507,0.0,0.483241,0.0,0.0,2026-06-04T21:59:40
matmul1gen,cpp,perlmutter-gpu-cpu,16,64,32,50000,50000,50000,500,64,1,1,0.0,0.033439,0.016025,0.0,0.151688,0.0,0.0,2026-06-04T22:18:40
matmul,cpp,perlmutter-gpu-cpu,8,32,32,50000,50000,50000,500,8,4,1,0.080626,0.063837,0.020399,0.026858,0.245555,0.0,0.012229,2026-06-04T09:28:04
matmul,cpp,perlmutter-gpu-cpu,1,4,32,50000,50000,50000,500,2,2,1,0.583172,0.51088,0.02415,0.015624,1.742765,0.0,0.024408,2026-06-04T09:30:14
matmul1gen,cpp,perlmutter-gpu,16,64,32,50000,50000,50000,500,64,1,1,0.0,0.092274,0.000527,0.0,0.027211,0.0,0.0,2026-06-04T22:23:10
matmul1comm,cpp,perlmutter-gpu,16,64,32,50000,50000,50000,5000,64,1,1,0.0,0.100357,0.000174,0.357155,0.107391,0.0,0.0,2026-06-04T22:22:52
matmul1comm,cpp,perlmutter-gpu-cpu,16,64,32,50000,50000,50000,500,64,1,1,0.0,0.033425,0.000179,0.125669,0.147232,0.0,0.0,2026-06-04T22:19:14
matmul1gen,cpp,perlmutter-gpu,16,64,32,50000,50000,50000,500,64,1,1,0.0,0.089322,0.000531,0.0,0.026808,0.0,0.0,2026-06-04T22:23:56
matmul,cpp,perlmutter-gpu-cpu,8,32,32,50000,50000,50000,50000,4,4,2,0.202789,0.065986,0.069764,0.413212,19.404089,0.0,0.832703,2026-06-04T22:43:57
matmul,python,perlmutter-gpu-cpu,8,32,32,50000,50000,50000,50000,4,4,2,0.1687702590002118,-1.0,-1.0,3.085973375999856,18.029620065000017,0.0,3.2157070409998596,2026-06-04T22:47:46
matmul1gen,cpp,perlmutter-gpu,4,16,32,50000,50000,50000,500,16,1,1,0.0,0.385676,0.000748,0.0,0.043864,0.0,0.0,2026-06-04T22:32:21
matmul1comm,cpp,perlmutter-gpu-cpu,2,8,32,50000,50000,50000,500,8,1,1,0.0,0.255986,0.000699,0.06513,0.909146,0.0,0.0,2026-06-04T21:55:54
matmul1comm,cpp,perlmutter-gpu,16,64,32,50000,50000,50000,500,64,1,1,0.0,0.090859,0.000146,0.117873,0.027398,0.0,0.0,2026-06-04T22:24:42
matmul1comm,cpp,perlmutter-gpu-cpu,16,64,32,50000,50000,50000,500,64,1,1,0.0,0.033025,8.9e-05,0.075225,0.149258,0.0,0.0,2026-06-04T22:20:04
matmul1gen,cpp,perlmutter-gpu,16,64,32,50000,50000,50000,500,64,1,1,0.0,0.09293,0.009544,0.0,0.024982,0.0,0.0,2026-06-04T22:23:50
matmul1comm,cpp,perlmutter-gpu-cpu,2,8,32,50000,50000,50000,500,8,1,1,0.0,0.255203,0.000699,0.061504,0.902832,0.0,0.0,2026-06-04T21:56:09
matmul1comm,cpp,perlmutter-gpu,2,8,32,50000,50000,50000,5000,8,1,1,0.0,0.761202,0.001989,0.157122,0.739075,0.0,0.0,2026-06-04T22:41:01
matmul1comm,cpp,perlmutter-gpu,2,8,32,50000,50000,50000,500,8,1,1,0.0,0.763193,0.000199,0.019661,0.096127,0.0,0.0,2026-06-04T22:43:05
matmul1gen,cpp,perlmutter-gpu-cpu,2,8,32,50000,50000,50000,500,8,1,1,0.0,0.256097,0.015622,0.0,0.911756,0.0,0.0,2026-06-04T21:55:24
matmul1comm,cpp,perlmutter-gpu,32,128,32,50000,50000,50000,500,128,1,1,0.0,0.044623,0.000145,0.20819,0.026081,0.0,0.0,2026-06-04T22:23:39
matmul1comm,cpp,perlmutter-gpu,32,128,32,50000,50000,50000,5000,128,1,1,0.0,0.041698,0.000426,0.228235,0.069937,0.0,0.0,2026-06-04T22:21:11
matmul,cpp,perlmutter-gpu-cpu,1,4,32,50000,50000,50000,500,2,2,1,0.597357,0.508418,0.034783,0.016111,1.724833,0.0,0.024133,2026-06-04T09:30:09
matmul,cpp,perlmutter-gpu-cpu,16,64,32,50000,50000,50000,500,8,8,1,0.041727,0.033313,0.01926,0.014983,0.13835,0.0,0.024799,2026-06-04T09:30:43
matmul1comm,cpp,perlmutter-gpu-cpu,32,128,32,50000,50000,50000,5000,128,1,1,0.0,0.017618,0.000444,0.76239,0.588677,0.0,0.0,2026-06-04T22:18:01
matmul1gen,cpp,perlmutter-gpu,1,4,32,50000,50000,50000,500,4,1,1,0.0,1.486468,0.003403,0.0,0.159618,0.0,0.0,2026-06-04T22:42:31
matmul1comm,cpp,perlmutter-gpu,32,128,32,50000,50000,50000,500,128,1,1,0.0,0.041071,0.000654,0.25807,0.029403,0.0,0.0,2026-06-04T22:23:20
matmul,cpp,perlmutter-gpu-cpu,2,8,32,50000,50000,50000,5000,4,2,1,0.31188,0.259977,0.042365,0.241843,8.837924,0.0,0.130604,2026-06-04T09:28:13
matmul1gen,cpp,perlmutter-gpu,32,128,32,50000,50000,50000,500,128,1,1,0.0,0.046495,0.000512,0.0,0.027605,0.0,0.0,2026-06-04T22:22:11
matmul1gen,cpp,perlmutter-gpu-cpu,1,4,32,50000,50000,50000,500,4,1,1,0.0,0.51556,0.015669,0.0,1.698096,0.0,0.0,2026-06-04T21:58:30
matmul1gen,cpp,perlmutter-gpu,4,16,32,50000,50000,50000,5000,16,1,1,0.0,0.384268,0.003111,0.0,0.379114,0.0,0.0,2026-06-04T22:30:21
matmul1gen,cpp,perlmutter-gpu,32,128,32,50000,50000,50000,500,128,1,1,0.0,0.04119,0.000506,0.0,0.026069,0.0,0.0,2026-06-04T22:22:28
matmul1comm,cpp,perlmutter-gpu-cpu,32,128,32,50000,50000,50000,5000,128,1,1,0.0,0.017144,0.000469,0.694855,0.622666,0.0,0.0,2026-06-04T22:17:47
matmul1comm,cpp,perlmutter-gpu,1,4,32,50000,50000,50000,5000,4,1,1,0.0,1.528325,0.0007,0.065763,1.477378,0.0,0.0,2026-06-04T22:41:04
matmul,cpp,perlmutter-gpu-cpu,32,128,32,50000,50000,50000,5000,8,8,2,0.052111,0.016934,0.021479,0.048553,0.68218,0.0,0.056142,2026-06-04T09:34:04
matmul1comm,cpp,perlmutter-gpu-cpu,2,8,32,50000,50000,50000,5000,8,1,1,0.0,0.253439,0.013272,0.537953,8.261452,0.0,0.0,2026-06-04T21:54:59
matmul1gen,cpp,perlmutter-gpu-cpu,2,8,32,50000,50000,50000,5000,8,1,1,0.0,0.255769,0.159153,0.0,8.131636,0.0,0.0,2026-06-04T21:50:55
matmul1gen,cpp,perlmutter-gpu,2,8,32,50000,50000,50000,5000,8,1,1,0.0,0.766582,0.012521,0.0,0.70475,0.0,0.0,2026-06-04T22:40:40
matmul,cpp,perlmutter-gpu-cpu,4,16,32,50000,50000,50000,50000,4,2,2,0.368501,0.133482,0.119773,0.834301,38.876578,0.0,0.780856,2026-06-04T22:43:36
matmul1comm,cpp,perlmutter-gpu,8,32,32,50000,50000,50000,5000,32,1,1,0.0,0.189222,0.00036,0.318255,0.188933,0.0,0.0,2026-06-04T22:31:55
matmul1gen,cpp,perlmutter-gpu-cpu,32,128,32,50000,50000,50000,5000,128,1,1,0.0,0.017266,0.159668,0.0,0.631226,0.0,0.0,2026-06-04T22:16:46
matmul1comm,cpp,perlmutter-gpu-cpu,4,16,32,50000,50000,50000,5000,16,1,1,0.0,0.12929,0.006196,0.576603,4.222624,0.0,0.0,2026-06-04T21:58:30
matmul,cpp,perlmutter-gpu-cpu,32,128,32,50000,50000,50000,50000,8,4,4,0.182203,0.01739,0.037366,0.237414,5.011327,0.0,0.240665,2026-06-04T22:48:45
matmul1gen,cpp,perlmutter-gpu,4,16,32,50000,50000,50000,5000,16,1,1,0.0,0.375772,0.011584,0.0,0.422083,0.0,0.0,2026-06-04T22:29:56
matmul1gen,cpp,perlmutter-gpu-cpu,8,32,32,50000,50000,50000,5000,32,1,1,0.0,0.067174,0.15691,0.0,2.186863,0.0,0.0,2026-06-04T21:57:04
matmul1comm,cpp,perlmutter-gpu,2,8,32,50000,50000,50000,500,8,1,1,0.0,0.758915,0.0041,0.058897,0.095658,0.0,0.0,2026-06-04T22:43:47
matmul1comm,cpp,perlmutter-gpu,16,64,32,50000,50000,50000,5000,64,1,1,0.0,0.095176,0.000171,0.30373,0.121118,0.0,0.0,2026-06-04T22:23:04
matmul1comm,cpp,perlmutter-gpu-cpu,16,64,32,50000,50000,50000,5000,64,1,1,0.0,0.034521,0.000875,0.587377,1.149366,0.0,0.0,2026-06-04T22:17:44
matmul,cpp,perlmutter-gpu-cpu,4,16,32,50000,50000,50000,5000,4,4,1,0.163662,0.128677,0.060724,0.531192,4.549018,0.0,0.138139,2026-06-04T09:23:11
matmul,cpp,perlmutter-gpu-cpu,1,4,32,50000,50000,50000,50000,2,2,1,0.600876,0.52931,0.403613,1.426001,153.901888,0.0,2.337668,2026-06-04T23:02:48
matmul1comm,cpp,perlmutter-gpu-cpu,16,64,32,50000,50000,50000,5000,64,1,1,0.0,0.034486,0.000872,0.649072,1.158264,0.0,0.0,2026-06-04T22:17:15
matmul,cpp,perlmutter-gpu-cpu,4,16,32,50000,50000,50000,5000,4,4,1,0.164273,0.127423,0.047856,0.528799,4.554476,0.0,0.156481,2026-06-04T09:22:21
matmul1gen,cpp,perlmutter-gpu,2,8,32,50000,50000,50000,5000,8,1,1,0.0,0.761151,0.002659,0.0,0.738734,0.0,0.0,2026-06-04T22:39:52
matmul,python,perlmutter-gpu-cpu,16,64,32,50000,50000,50000,50000,4,4,4,0.5397762289999264,-1.0,-1.0,1.616688116000205,9.52739112800009,0.0,1.3764889559997755,2026-06-04T22:46:46
matmul1gen,cpp,perlmutter-gpu,8,32,32,50000,50000,50000,500,32,1,1,0.0,0.190253,0.000493,0.0,0.038413,0.0,0.0,2026-06-04T22:32:16
matmul1comm,cpp,perlmutter-gpu,4,16,32,50000,50000,50000,5000,16,1,1,0.0,0.364379,0.010301,0.187661,0.360639,0.0,0.0,2026-06-04T22:31:18
matmul1comm,cpp,perlmutter-gpu-cpu,32,128,32,50000,50000,50000,5000,128,1,1,0.0,0.016768,0.000458,0.720411,0.594939,0.0,0.0,2026-06-04T22:17:27
matmul1gen,cpp,perlmutter-gpu,8,32,32,50000,50000,50000,5000,32,1,1,0.0,0.187012,0.002628,0.0,0.203701,0.0,0.0,2026-06-04T22:30:11
matmul1comm,cpp,perlmutter-gpu-cpu,32,128,32,50000,50000,50000,500,128,1,1,0.0,0.017232,5.5e-05,0.164824,0.069582,0.0,0.0,2026-06-04T22:19:39
matmul1comm,cpp,perlmutter-gpu-cpu,32,128,32,50000,50000,50000,5000,128,1,1,0.0,0.016851,0.000451,0.656007,0.611753,0.0,0.0,2026-06-04T22:17:20
matmul1gen,cpp,perlmutter-gpu-cpu,1,4,32,50000,50000,50000,5000,4,1,1,0.0,0.525804,0.180743,0.0,17.88652,0.0,0.0,2026-06-04T21:53:16
matmul,cpp,perlmutter-gpu-cpu,32,128,32,50000,50000,50000,500,8,8,2,0.056993,0.017155,0.018935,0.046192,0.102056,0.0,0.01387,2026-06-04T09:34:51
matmul1gen,cpp,perlmutter-gpu,32,128,32,50000,50000,50000,5000,128,1,1,0.0,0.044611,0.005153,0.0,0.061437,0.0,0.0,2026-06-04T22:20:41
matmul1comm,cpp,perlmutter-gpu-cpu,8,32,32,50000,50000,50000,500,32,1,1,0.0,0.067091,0.000179,0.126967,0.25725,0.0,0.0,2026-06-04T21:59:38
matmul1comm,cpp,perlmutter-gpu-cpu,4,16,32,50000,50000,50000,5000,16,1,1,0.0,0.128733,0.00602,0.57979,4.20553,0.0,0.0,2026-06-04T21:59:00
matmul1comm,cpp,perlmutter-gpu-cpu,1,4,32,50000,50000,50000,500,4,1,1,0.0,0.52495,0.001399,0.056499,1.692217,0.0,0.0,2026-06-04T21:59:50
matmul1comm,cpp,perlmutter-gpu,1,4,32,50000,50000,50000,5000,4,1,1,0.0,1.52701,0.0007,0.071068,1.486489,0.0,0.0,2026-06-04T22:41:19
matmul1gen,cpp,perlmutter-gpu,16,64,32,50000,50000,50000,5000,64,1,1,0.0,0.096764,0.021838,0.0,0.070501,0.0,0.0,2026-06-04T22:21:29
matmul,cpp,perlmutter-gpu-cpu,1,4,32,50000,50000,50000,500,2,2,1,0.582265,0.510803,0.023628,0.014939,1.744284,0.0,0.023782,2026-06-04T09:30:40
matmul,cpp,perlmutter-gpu-cpu,4,16,32,50000,50000,50000,50000,4,2,2,0.370507,0.135074,0.118483,0.842255,38.901067,0.0,0.761188,2026-06-04T22:42:50
matmul1gen,cpp,perlmutter-gpu,2,8,32,50000,50000,50000,500,8,1,1,0.0,0.772008,0.000521,0.0,0.091453,0.0,0.0,2026-06-04T22:42:34
matmul1comm,cpp,perlmutter-gpu-cpu,32,128,32,50000,50000,50000,500,128,1,1,0.0,0.016973,4.4e-05,0.164916,0.072702,0.0,0.0,2026-06-04T22:20:01
matmul,cpp,perlmutter-gpu-cpu,16,64,32,50000,50000,50000,500,8,8,1,0.041717,0.032979,0.018602,0.015581,0.132536,0.0,0.049646,2026-06-04T09:30:48
matmul1gen,cpp,perlmutter-gpu,4,16,32,50000,50000,50000,5000,16,1,1,0.0,0.381852,0.00559,0.0,0.378798,0.0,0.0,2026-06-04T22:30:40
matmul1comm,cpp,perlmutter-gpu,1,4,32,50000,50000,50000,500,4,1,1,0.0,1.510713,0.003021,0.053275,0.171929,0.0,0.0,2026-06-04T22:43:15
matmul1gen,cpp,perlmutter-gpu,2,8,32,50000,50000,50000,500,8,1,1,0.0,0.767023,0.0219,0.0,0.03885,0.0,0.0,2026-06-04T22:42:46
matmul,cpp,perlmutter-gpu-cpu,32,128,32,50000,50000,50000,5000,8,8,2,0.051905,0.016998,0.02299,0.027363,0.685684,0.0,0.104064,2026-06-04T09:33:17
matmul,cpp,perlmutter-gpu-cpu,8,32,32,50000,50000,50000,500,8,4,1,0.081068,0.064658,0.020178,0.027806,0.244987,0.0,0.021467,2026-06-04T09:28:33
matmul,python,perlmutter-gpu-cpu,16,64,32,50000,50000,50000,50000,4,4,4,0.7103195650001908,-1.0,-1.0,2.437124243999733,9.552010543000051,0.0,0.5807300060000671,2026-06-04T22:47:19
matmul1gen,cpp,perlmutter-gpu-cpu,1,4,32,50000,50000,50000,500,4,1,1,0.0,0.528132,0.024019,0.0,1.697481,0.0,0.0,2026-06-04T21:58:15
matmul1gen,cpp,perlmutter-gpu,32,128,32,50000,50000,50000,500,128,1,1,0.0,0.046308,0.000517,0.0,0.026757,0.0,0.0,2026-06-04T22:21:59
matmul,cpp,perlmutter-gpu-cpu,16,64,32,50000,50000,50000,500,8,8,1,0.040639,0.033277,0.020519,0.01558,0.136044,0.0,0.022101,2026-06-04T09:30:54
matmul,cpp,perlmutter-gpu-cpu,16,64,32,50000,50000,50000,5000,8,8,1,0.041429,0.032624,0.022305,0.051824,1.048251,0.0,0.101099,2026-06-04T09:30:03
matmul,cpp,perlmutter-gpu-cpu,2,8,32,50000,50000,50000,500,4,2,1,0.309969,0.25657,0.022243,0.031382,0.89589,0.0,0.013551,2026-06-04T09:29:50
matmul,cpp,perlmutter-gpu-cpu,8,32,32,50000,50000,50000,50000,4,4,2,0.199429,0.065043,0.070717,0.411519,19.353588,0.0,0.871435,2026-06-04T22:42:11
matmul1gen,cpp,perlmutter-gpu,4,16,32,50000,50000,50000,5000,16,1,1,0.0,0.383607,0.003221,0.0,0.384782,0.0,0.0,2026-06-04T22:30:03
matmul,cpp,perlmutter-gpu-cpu,16,64,32,50000,50000,50000,500,8,8,1,0.042589,0.033018,0.018942,0.013689,0.13657,0.0,0.036735,2026-06-04T09:30:22
matmul,cpp,perlmutter-gpu-cpu,4,16,32,50000,50000,50000,500,4,4,1,0.161797,0.127664,0.027409,0.027081,0.447513,0.0,0.013887,2026-06-04T09:23:53
matmul1comm,cpp,perlmutter-gpu,32,128,32,50000,50000,50000,5000,128,1,1,0.0,0.041416,0.000156,0.282939,0.068181,0.0,0.0,2026-06-04T22:21:35
matmul,cpp,perlmutter-gpu-cpu,32,128,32,50000,50000,50000,50000,8,4,4,0.16326,0.01782,0.090542,0.367335,5.076551,0.0,0.307293,2026-06-04T22:46:56
matmul1gen,cpp,perlmutter-gpu-cpu,4,16,32,50000,50000,50000,500,16,1,1,0.0,0.131391,0.015869,0.0,0.484446,0.0,0.0,2026-06-04T21:59:51
matmul1gen,cpp,perlmutter-gpu,16,64,32,50000,50000,50000,500,64,1,1,0.0,0.090496,0.000516,0.0,0.025666,0.0,0.0,2026-06-04T22:23:22
matmul1gen,cpp,perlmutter-gpu-cpu,16,64,32,50000,50000,50000,5000,64,1,1,0.0,0.033438,0.158887,0.0,1.152582,0.0,0.0,2026-06-04T22:16:41
matmul1gen,cpp,perlmutter-gpu-cpu,32,128,32,50000,50000,50000,5000,128,1,1,0.0,0.017042,0.158765,0.0,0.595036,0.0,0.0,2026-06-04T22:16:08
matmul1gen,cpp,perlmutter-gpu,32,128,32,50000,50000,50000,500,128,1,1,0.0,0.046622,0.003807,0.0,0.031975,0.0,0.0,2026-06-04T22:21:48
matmul,cpp,perlmutter-gpu-cpu,4,16,32,50000,50000,50000,5000,4,4,1,0.163544,0.133676,0.043964,0.543786,4.587798,0.0,0.160403,2026-06-04T09:22:47
matmul1gen,cpp,perlmutter-gpu-cpu,1,4,32,50000,50000,50000,5000,4,1,1,0.0,0.523162,0.161888,0.0,17.868144,0.0,0.0,2026-06-04T21:52:11
matmul1gen,cpp,perlmutter-gpu,32,128,32,50000,50000,50000,5000,128,1,1,0.0,0.043797,0.017361,0.0,0.049331,0.0,0.0,2026-06-04T22:20:06
matmul,python,perlmutter-gpu-cpu,4,16,32,50000,50000,50000,50000,4,2,2,0.33741130000004205,-1.0,-1.0,9.352119816000027,35.00931477,0.0,6.565726194999968,2026-06-04T23:08:04
matmul1comm,cpp,perlmutter-gpu-cpu,16,64,32,50000,50000,50000,500,64,1,1,0.0,0.034088,0.000145,0.123732,0.150775,0.0,0.0,2026-06-04T22:19:25
matmul1gen,cpp,perlmutter-gpu-cpu,2,8,32,50000,50000,50000,5000,8,1,1,0.0,0.258301,0.161634,0.0,8.196453,0.0,0.0,2026-06-04T21:52:35
matmul,cpp,perlmutter-gpu-cpu,32,128,32,50000,50000,50000,5000,8,8,2,0.051422,0.017346,0.021552,0.031617,0.689562,0.0,0.059726,2026-06-04T09:33:57
matmul,cpp,perlmutter-gpu-cpu,2,8,32,50000,50000,50000,500,4,2,1,0.308974,0.257418,0.022327,0.029577,0.89216,0.0,0.013288,2026-06-04T09:29:35
matmul1gen,cpp,perlmutter-gpu-cpu,8,32,32,50000,50000,50000,500,32,1,1,0.0,0.065912,0.015011,0.0,0.261988,0.0,0.0,2026-06-04T21:59:11
matmul1gen,cpp,perlmutter-gpu-cpu,32,128,32,50000,50000,50000,5000,128,1,1,0.0,0.017391,0.15945,0.0,0.574186,0.0,0.0,2026-06-04T22:16:21
matmul1gen,cpp,perlmutter-gpu-cpu,32,128,32,50000,50000,50000,5000,128,1,1,0.0,0.017844,0.157265,0.0,0.616158,0.0,0.0,2026-06-04T22:16:27
matmul1comm,cpp,perlmutter-gpu,16,64,32,50000,50000,50000,500,64,1,1,0.0,0.094325,0.001048,0.075538,0.025041,0.0,0.0,2026-06-04T22:24:07
matmul1gen,cpp,perlmutter-gpu,16,64,32,50000,50000,50000,500,64,1,1,0.0,0.093993,0.000489,0.0,0.025894,0.0,0.0,2026-06-04T22:23:33
matmul1comm,cpp,perlmutter-gpu,16,64,32,50000,50000,50000,5000,64,1,1,0.0,0.090605,0.001667,0.354551,0.107131,0.0,0.0,2026-06-04T22:22:16
matmul1comm,cpp,perlmutter-gpu-cpu,4,16,32,50000,50000,50000,5000,16,1,1,0.0,0.129015,0.006342,0.561501,4.2111,0.0,0.0,2026-06-04T21:58:50
matmul,python,perlmutter-gpu-cpu,2,8,32,50000,50000,50000,50000,2,2,2,1.141347431000014,-1.0,-1.0,13.073233109,70.99640879499998,0.0,8.050246007999988,2026-06-04T23:05:17
matmul,cpp,perlmutter-gpu-cpu,1,4,32,50000,50000,50000,5000,2,2,1,0.579186,0.51029,0.059268,0.155273,16.609781,0.0,0.187741,2026-06-04T09:27:14
matmul1comm,cpp,perlmutter-gpu-cpu,4,16,32,50000,50000,50000,5000,16,1,1,0.0,0.13343,0.006253,0.593104,4.227615,0.0,0.0,2026-06-04T21:59:11
matmul1gen,cpp,perlmutter-gpu,2,8,32,50000,50000,50000,5000,8,1,1,0.0,0.768525,0.004797,0.0,0.746117,0.0,0.0,2026-06-04T22:39:46
matmul,cpp,perlmutter-gpu-cpu,16,64,32,50000,50000,50000,50000,4,4,4,0.321471,0.032773,0.052886,0.256738,9.8845,0.0,0.240665,2026-06-04T22:42:57
matmul1comm,cpp,perlmutter-gpu-cpu,32,128,32,50000,50000,50000,500,128,1,1,0.0,0.016963,4.4e-05,0.14488,0.071735,0.0,0.0,2026-06-04T22:19:22
matmul1gen,cpp,perlmutter-gpu,32,128,32,50000,50000,50000,5000,128,1,1,0.0,0.042244,0.003664,0.0,0.056557,0.0,0.0,2026-06-04T22:20:29
matmul1comm,cpp,perlmutter-gpu-cpu,8,32,32,50000,50000,50000,5000,32,1,1,0.0,0.064955,0.001738,0.578823,2.204357,0.0,0.0,2026-06-04T21:57:52
matmul,cpp,perlmutter-gpu-cpu,32,128,32,50000,50000,50000,500,8,8,2,0.050684,0.017416,0.01847,0.062677,0.10565,0.0,0.006293,2026-06-04T09:34:28
matmul1comm,cpp,perlmutter-gpu-cpu,16,64,32,50000,50000,50000,500,64,1,1,0.0,0.035195,0.000169,0.087953,0.150685,0.0,0.0,2026-06-04T22:19:58
matmul1comm,cpp,perlmutter-gpu,1,4,32,50000,50000,50000,5000,4,1,1,0.0,1.53515,0.000704,0.12271,1.480406,0.0,0.0,2026-06-04T22:41:50
matmul1comm,cpp,perlmutter-gpu,2,8,32,50000,50000,50000,500,8,1,1,0.0,0.756582,0.000313,0.113489,0.095874,0.0,0.0,2026-06-04T22:43:17
matmul1comm,cpp,perlmutter-gpu,4,16,32,50000,50000,50000,500,16,1,1,0.0,0.378427,0.000152,0.126888,0.048626,0.0,0.0,2026-06-04T22:33:54
matmul1gen,cpp,perlmutter-gpu-cpu,8,32,32,50000,50000,50000,5000,32,1,1,0.0,0.066112,0.158559,0.0,2.186117,0.0,0.0,2026-06-04T21:56:49
matmul1gen,cpp,perlmutter-gpu-cpu,16,64,32,50000,50000,50000,500,64,1,1,0.0,0.034072,0.01615,0.0,0.142144,0.0,0.0,2026-06-04T22:19:02
matmul1comm,cpp,perlmutter-gpu,1,4,32,50000,50000,50000,500,4,1,1,0.0,1.530577,0.000204,0.009807,0.172329,0.0,0.0,2026-06-04T22:43:46
matmul1comm,cpp,perlmutter-gpu,2,8,32,50000,50000,50000,500,8,1,1,0.0,0.758066,0.000172,0.01949,0.096363,0.0,0.0,2026-06-04T22:43:53
matmul,cpp,perlmutter-gpu-cpu,32,128,32,50000,50000,50000,5000,8,8,2,0.052712,0.017021,0.021697,0.055456,0.695353,0.0,0.029994,2026-06-04T09:33:43
matmul1comm,cpp,perlmutter-gpu-cpu,4,16,32,50000,50000,50000,500,16,1,1,0.0,0.129002,0.000358,0.095108,0.491239,0.0,0.0,2026-06-04T22:00:50
matmul1gen,cpp,perlmutter-gpu-cpu,8,32,32,50000,50000,50000,5000,32,1,1,0.0,0.065876,0.156849,0.0,2.191363,0.0,0.0,2026-06-04T21:56:34
matmul,python,perlmutter-gpu-cpu,2,8,32,50000,50000,50000,50000,2,2,2,3.765442482000253,-1.0,-1.0,7.923944483000014,69.94992276199991,0.0,10.11191941800007,2026-06-04T22:58:28
matmul1gen,cpp,perlmutter-gpu,2,8,32,50000,50000,50000,500,8,1,1,0.0,0.758464,0.001551,0.0,0.078233,0.0,0.0,2026-06-04T22:42:08
matmul,cpp,perlmutter-gpu,1,4,32,50000,50000,50000,50000,2,2,1,0.0,1.533829,0.059862,0.0,0.0,0.0,0.0,2026-06-04T22:42:18
matmul1gen,cpp,perlmutter-gpu,8,32,32,50000,50000,50000,5000,32,1,1,0.0,0.185824,0.00345,0.0,0.203914,0.0,0.0,2026-06-04T22:30:31
matmul1comm,cpp,perlmutter-gpu-cpu,4,16,32,50000,50000,50000,500,16,1,1,0.0,0.129529,0.000377,0.071612,0.477847,0.0,0.0,2026-06-04T22:00:20
matmul1comm,cpp,perlmutter-gpu,4,16,32,50000,50000,50000,500,16,1,1,0.0,0.382009,0.000162,0.06941,0.060098,0.0,0.0,2026-06-04T22:33:19
matmul,cpp,perlmutter-gpu-cpu,1,4,32,50000,50000,50000,50000,2,2,1,0.588433,0.520236,0.404177,1.351213,153.442763,0.0,2.33404,2026-06-04T23:00:07
matmul1comm,cpp,perlmutter-gpu,16,64,32,50000,50000,50000,5000,64,1,1,0.0,0.096594,0.000182,0.308965,0.121308,0.0,0.0,2026-06-04T22:22:58
matmul,cpp,perlmutter-gpu-cpu,8,32,32,50000,50000,50000,500,8,4,1,0.080624,0.065241,0.020926,0.026967,0.246276,0.0,0.016721,2026-06-04T09:28:46
matmul,cpp,perlmutter-gpu-cpu,2,8,32,50000,50000,50000,5000,4,2,1,0.310893,0.257737,0.039662,0.246273,8.853401,0.0,0.10809,2026-06-04T09:27:00
matmul1gen,cpp,perlmutter-gpu,16,64,32,50000,50000,50000,5000,64,1,1,0.0,0.07447,0.00296,0.0,0.099718,0.0,0.0,2026-06-04T22:21:58
matmul1gen,cpp,perlmutter-gpu,1,4,32,50000,50000,50000,5000,4,1,1,0.0,1.526053,0.002812,0.0,1.479461,0.0,0.0,2026-06-04T22:39:55
matmul1gen,cpp,perlmutter-gpu,1,4,32,50000,50000,50000,5000,4,1,1,0.0,1.529736,0.00324,0.0,1.478231,0.0,0.0,2026-06-04T22:40:41
matmul1gen,cpp,perlmutter-gpu,8,32,32,50000,50000,50000,5000,32,1,1,0.0,0.193435,0.005149,0.0,0.201828,0.0,0.0,2026-06-04T22:30:25
matmul,cpp,perlmutter-gpu-cpu,8,32,32,50000,50000,50000,5000,8,4,1,0.083338,0.064239,0.025449,0.101327,2.057529,0.0,0.071231,2026-06-04T09:26:56
matmul1comm,cpp,perlmutter-gpu,16,64,32,50000,50000,50000,5000,64,1,1,0.0,0.075153,0.000197,0.332831,0.121061,0.0,0.0,2026-06-04T22:22:21
matmul1comm,cpp,perlmutter-gpu-cpu,8,32,32,50000,50000,50000,5000,32,1,1,0.0,0.066153,0.00174,0.558972,2.199087,0.0,0.0,2026-06-04T21:58:24
matmul,cpp,perlmutter-gpu-cpu,2,8,32,50000,50000,50000,500,4,2,1,0.30141,0.268848,0.027578,0.032972,0.875183,0.0,0.023667,2026-06-04T09:29:17
matmul1comm,cpp,perlmutter-gpu-cpu,2,8,32,50000,50000,50000,5000,8,1,1,0.0,0.261681,0.013307,0.539983,8.194308,0.0,0.0,2026-06-04T21:54:46
matmul1gen,cpp,perlmutter-gpu,16,64,32,50000,50000,50000,500,64,1,1,0.0,0.090298,0.022297,0.0,0.024552,0.0,0.0,2026-06-04T22:23:44
matmul,cpp,perlmutter-gpu-cpu,16,64,32,50000,50000,50000,50000,4,4,4,0.305006,0.032925,0.146213,0.207715,9.889877,0.0,0.411685,2026-06-04T22:41:36
matmul,cpp,perlmutter-gpu-cpu,16,64,32,50000,50000,50000,50000,4,4,4,0.261856,0.032741,0.047191,0.261527,9.930772,0.0,0.242649,2026-06-04T22:43:13
matmul,python,perlmutter-gpu-cpu,16,64,32,50000,50000,50000,50000,4,4,4,0.46540600800017273,-1.0,-1.0,1.7174642889999632,9.491963412000132,0.0,2.8969888900001024,2026-06-04T22:49:14
matmul1gen,cpp,perlmutter-gpu-cpu,16,64,32,50000,50000,50000,5000,64,1,1,0.0,0.033548,0.159184,0.0,1.148506,0.0,0.0,2026-06-04T22:16:48
matmul,python,perlmutter-gpu-cpu,4,16,32,50000,50000,50000,50000,4,2,2,1.0383231000000706,-1.0,-1.0,7.562461946999974,35.39309833800007,0.0,5.36357186000032,2026-06-04T22:54:28
matmul,cpp,perlmutter-gpu-cpu,2,8,32,50000,50000,50000,50000,2,2,2,0.710816,0.256734,0.213643,0.744372,75.904496,0.0,0.913336,2026-06-04T22:45:25
matmul,cpp,perlmutter-gpu-cpu,2,8,32,50000,50000,50000,50000,2,2,2,0.700051,0.256206,0.215423,0.759608,75.858294,0.0,0.909367,2026-06-04T22:49:33
matmul1comm,cpp,perlmutter-gpu,32,128,32,50000,50000,50000,5000,128,1,1,0.0,0.044631,0.000158,0.288595,0.076476,0.0,0.0,2026-06-04T22:21:05
matmul,cpp,perlmutter-gpu-cpu,2,8,32,50000,50000,50000,5000,4,2,1,0.310472,0.260195,0.039108,0.250147,8.808333,0.0,0.151642,2026-06-04T09:28:56
matmul1comm,cpp,perlmutter-gpu,1,4,32,50000,50000,50000,500,4,1,1,0.0,1.522234,0.013711,0.049311,0.172385,0.0,0.0,2026-06-04T22:43:52
matmul1comm,cpp,perlmutter-gpu,32,128,32,50000,50000,50000,5000,128,1,1,0.0,0.045279,0.000687,0.35283,0.074707,0.0,0.0,2026-06-04T22:21:23
matmul1gen,cpp,perlmutter-gpu,1,4,32,50000,50000,50000,5000,4,1,1,0.0,1.516472,0.013716,0.0,1.527175,0.0,0.0,2026-06-04T22:39:39
matmul1comm,cpp,perlmutter-gpu-cpu,32,128,32,50000,50000,50000,5000,128,1,1,0.0,0.017125,0.000447,0.703754,0.589902,0.0,0.0,2026-06-04T22:17:54
matmul,cpp,perlmutter-gpu-cpu,8,32,32,50000,50000,50000,50000,4,4,2,0.198951,0.066297,0.069222,0.416207,19.392019,0.0,0.833287,2026-06-04T22:44:50
matmul1comm,cpp,perlmutter-gpu-cpu,1,4,32,50000,50000,50000,500,4,1,1,0.0,0.523243,0.001402,0.056356,1.710167,0.0,0.0,2026-06-04T21:59:24
matmul1gen,cpp,perlmutter-gpu,32,128,32,50000,50000,50000,5000,128,1,1,0.0,0.044288,0.005597,0.0,0.067082,0.0,0.0,2026-06-04T22:20:12
matmul,cpp,perlmutter-gpu-cpu,4,16,32,50000,50000,50000,50000,4,2,2,0.370355,0.137278,0.120122,0.814472,38.842474,0.0,0.85123,2026-06-04T22:47:28
matmul,cpp,perlmutter-gpu-cpu,4,16,32,50000,50000,50000,5000,4,4,1,0.165855,0.130249,0.060967,0.542807,4.553633,0.0,0.123448,2026-06-04T09:23:27
matmul1gen,cpp,perlmutter-gpu-cpu,32,128,32,50000,50000,50000,5000,128,1,1,0.0,0.017176,0.156832,0.0,0.61098,0.0,0.0,2026-06-04T22:16:52
matmul,cpp,perlmutter-gpu-cpu,8,32,32,50000,50000,50000,5000,8,4,1,0.082875,0.063512,0.023916,0.102441,2.061861,0.0,0.100806,2026-06-04T09:27:11
matmul,cpp,perlmutter-gpu-cpu,16,64,32,50000,50000,50000,5000,8,8,1,0.0421,0.032992,0.023571,0.049211,1.043799,0.0,0.138217,2026-06-04T09:29:57
matmul,cpp,perlmutter-gpu-cpu,32,128,32,50000,50000,50000,500,8,8,2,0.051466,0.016982,0.018466,0.010743,0.102937,0.0,0.04076,2026-06-04T09:34:10
matmul1gen,cpp,perlmutter-gpu-cpu,16,64,32,50000,50000,50000,5000,64,1,1,0.0,0.033058,0.158615,0.0,1.147429,0.0,0.0,2026-06-04T22:16:34
matmul,python,perlmutter-gpu-cpu,32,128,32,50000,50000,50000,50000,8,4,4,0.3933150379998551,-1.0,-1.0,1.37246822599991,4.741900056000304,0.0,1.5297386739998728,2026-06-04T22:51:10
matmul,cpp,perlmutter-gpu-cpu,16,64,32,50000,50000,50000,5000,8,8,1,0.043253,0.032944,0.022472,0.049329,1.063358,0.0,0.06798,2026-06-04T09:29:43
matmul1gen,cpp,perlmutter-gpu,8,32,32,50000,50000,50000,500,32,1,1,0.0,0.190069,0.000523,0.0,0.036212,0.0,0.0,2026-06-04T22:32:35
matmul1gen,cpp,perlmutter-gpu-cpu,1,4,32,50000,50000,50000,500,4,1,1,0.0,0.52295,0.016026,0.0,1.706371,0.0,0.0,2026-06-04T21:58:36
matmul1gen,cpp,perlmutter-gpu-cpu,1,4,32,50000,50000,50000,500,4,1,1,0.0,0.532136,0.015636,0.0,1.701688,0.0,0.0,2026-06-04T21:58:25
matmul,cpp,perlmutter-gpu-cpu,16,64,32,50000,50000,50000,500,8,8,1,0.041972,0.033088,0.020968,0.013012,0.135025,0.0,0.033102,2026-06-04T09:30:37
matmul1comm,cpp,perlmutter-gpu,16,64,32,50000,50000,50000,500,64,1,1,0.0,0.089235,0.000604,0.174188,0.025958,0.0,0.0,2026-06-04T22:24:54
matmul1gen,cpp,perlmutter-gpu,32,128,32,50000,50000,50000,500,128,1,1,0.0,0.045578,0.000566,0.0,0.026427,0.0,0.0,2026-06-04T22:22:33
matmul1comm,cpp,perlmutter-gpu,8,32,32,50000,50000,50000,5000,32,1,1,0.0,0.18792,0.000212,0.326682,0.191417,0.0,0.0,2026-06-04T22:31:26
matmul1gen,cpp,perlmutter-gpu,16,64,32,50000,50000,50000,5000,64,1,1,0.0,0.094895,0.010488,0.0,0.158299,0.0,0.0,2026-06-04T22:21:11
matmul,cpp,perlmutter-gpu-cpu,1,4,32,50000,50000,50000,50000,2,2,1,0.586223,0.521005,0.406713,1.338227,153.782112,0.0,2.090882,2026-06-04T22:46:40
matmul1gen,cpp,perlmutter-gpu-cpu,4,16,32,50000,50000,50000,500,16,1,1,0.0,0.128881,0.017772,0.0,0.483317,0.0,0.0,2026-06-04T21:59:45
matmul,python,perlmutter-gpu-cpu,32,128,32,50000,50000,50000,50000,8,4,4,0.42246689200010223,-1.0,-1.0,0.9387652390000767,4.721455772000354,0.0,1.1348190190001333,2026-06-04T22:49:14
matmul1comm,cpp,perlmutter-gpu,1,4,32,50000,50000,50000,500,4,1,1,0.0,1.550532,0.000197,0.00897,0.172396,0.0,0.0,2026-06-04T22:44:11
matmul1comm,cpp,perlmutter-gpu,4,16,32,50000,50000,50000,5000,16,1,1,0.0,0.381662,0.000276,0.157888,0.38416,0.0,0.0,2026-06-04T22:31:51
matmul,python,perlmutter-gpu-cpu,32,128,32,50000,50000,50000,50000,8,4,4,0.28279783400012093,-1.0,-1.0,1.0881747860003088,4.783165023000038,0.0,0.8082782700003008,2026-06-04T22:49:35
matmul1gen,cpp,perlmutter-gpu,2,8,32,50000,50000,50000,5000,8,1,1,0.0,0.765774,0.00481,0.0,0.74555,0.0,0.0,2026-06-04T22:40:13
matmul1comm,cpp,perlmutter-gpu,2,8,32,50000,50000,50000,5000,8,1,1,0.0,0.7645,0.01346,0.186075,0.740443,0.0,0.0,2026-06-04T22:41:29
matmul,cpp,perlmutter-gpu-cpu,16,64,32,50000,50000,50000,500,8,8,1,0.041617,0.033771,0.018692,0.029964,0.133594,0.0,0.012863,2026-06-04T09:30:59
matmul1gen,cpp,perlmutter-gpu-cpu,2,8,32,50000,50000,50000,500,8,1,1,0.0,0.255202,0.015832,0.0,0.900765,0.0,0.0,2026-06-04T21:55:29
matmul1comm,cpp,perlmutter-gpu-cpu,1,4,32,50000,50000,50000,5000,4,1,1,0.0,0.518083,0.028578,0.499969,17.919979,0.0,0.0,2026-06-04T21:57:42
matmul1gen,cpp,perlmutter-gpu,16,64,32,50000,50000,50000,500,64,1,1,0.0,0.094376,0.00049,0.0,0.025974,0.0,0.0,2026-06-04T22:23:16
matmul,python,perlmutter-gpu-cpu,32,128,32,50000,50000,50000,50000,8,4,4,0.26957021699990946,-1.0,-1.0,1.1233540769999308,4.770367706000343,0.0,1.2241305520001333,2026-06-04T22:52:42
matmul,cpp,perlmutter-gpu-cpu,1,4,32,50000,50000,50000,5000,2,2,1,0.577108,0.525513,0.059831,0.160868,16.513416,0.0,0.224827,2026-06-04T09:29:00
matmul,cpp,perlmutter-gpu-cpu,1,4,32,50000,50000,50000,500,2,2,1,0.585515,0.511183,0.023659,0.01746,1.747382,0.0,0.023779,2026-06-04T09:30:51
matmul1comm,cpp,perlmutter-gpu-cpu,2,8,32,50000,50000,50000,5000,8,1,1,0.0,0.253972,0.01301,0.55992,8.142068,0.0,0.0,2026-06-04T21:54:32
matmul1gen,cpp,perlmutter-gpu-cpu,8,32,32,50000,50000,50000,5000,32,1,1,0.0,0.066089,0.156494,0.0,2.195669,0.0,0.0,2026-06-04T21:56:11
matmul,python,perlmutter-gpu-cpu,4,16,32,50000,50000,50000,50000,4,2,2,0.3348770960001275,-1.0,-1.0,2.3020499369999925,36.41143807900016,0.0,2.722816179000347,2026-06-04T22:58:06
matmul1comm,cpp,perlmutter-gpu,32,128,32,50000,50000,50000,500,128,1,1,0.0,0.039838,0.000759,0.181705,0.027915,0.0,0.0,2026-06-04T22:22:45
matmul,cpp,perlmutter-gpu-cpu,4,16,32,50000,50000,50000,5000,4,4,1,0.164049,0.129192,0.055129,0.538057,4.547049,0.0,0.15459,2026-06-04T09:22:30
matmul,cpp,perlmutter-gpu-cpu,16,64,32,50000,50000,50000,500,8,8,1,0.040773,0.032771,0.020823,0.013358,0.135188,0.0,0.039178,2026-06-04T09:31:05
matmul,cpp,perlmutter-gpu,1,4,32,50000,50000,50000,50000,2,2,1,0.0,1.538691,0.109948,0.0,0.0,0.0,0.0,2026-06-04T22:41:26
matmul1comm,cpp,perlmutter-gpu-cpu,16,64,32,50000,50000,50000,5000,64,1,1,0.0,0.035215,0.000908,0.611475,1.141503,0.0,0.0,2026-06-04T22:17:58
matmul,cpp,perlmutter-gpu-cpu,1,4,32,50000,50000,50000,50000,2,2,1,0.592616,0.518228,0.406617,1.408157,153.693378,0.0,2.177825,2026-06-04T22:57:25
matmul1comm,cpp,perlmutter-gpu-cpu,2,8,32,50000,50000,50000,500,8,1,1,0.0,0.254847,0.000699,0.060817,0.894554,0.0,0.0,2026-06-04T21:56:34
matmul,cpp,perlmutter-gpu-cpu,32,128,32,50000,50000,50000,50000,8,4,4,0.166069,0.017115,0.032492,0.231637,5.051834,0.0,0.264442,2026-06-04T22:47:57
matmul,cpp,perlmutter-gpu-cpu,16,64,32,50000,50000,50000,50000,4,4,4,0.306341,0.032217,0.049408,0.210676,9.901353,0.0,0.240811,2026-06-04T22:43:29
matmul,cpp,perlmutter-gpu-cpu,4,16,32,50000,50000,50000,500,4,4,1,0.160599,0.128495,0.027372,0.028687,0.445514,0.0,0.014171,2026-06-04T09:23:57
matmul1gen,cpp,perlmutter-gpu-cpu,1,4,32,50000,50000,50000,5000,4,1,1,0.0,0.519747,0.162236,0.0,17.820378,0.0,0.0,2026-06-04T21:51:27
matmul1gen,cpp,perlmutter-gpu-cpu,2,8,32,50000,50000,50000,5000,8,1,1,0.0,0.25733,0.162535,0.0,8.120724,0.0,0.0,2026-06-04T21:52:10
matmul,cpp,perlmutter-gpu-cpu,2,8,32,50000,50000,50000,500,4,2,1,0.307698,0.255491,0.022837,0.029618,0.880551,0.0,0.014368,2026-06-04T09:29:11
matmul1gen,cpp,perlmutter-gpu-cpu,1,4,32,50000,50000,50000,5000,4,1,1,0.0,0.513396,0.158879,0.0,17.85206,0.0,0.0,2026-06-04T21:51:05
matmul1comm,cpp,perlmutter-gpu-cpu,2,8,32,50000,50000,50000,500,8,1,1,0.0,0.258393,0.000699,0.059651,0.884529,0.0,0.0,2026-06-04T21:56:04
matmul,python,perlmutter-gpu-cpu,16,64,32,50000,50000,50000,50000,4,4,4,0.7158040760000404,-1.0,-1.0,1.2994110800000271,9.517627628000355,0.0,1.5774332319997484,2026-06-04T22:45:41
matmul1gen,cpp,perlmutter-gpu,8,32,32,50000,50000,50000,500,32,1,1,0.0,0.186595,0.000528,0.0,0.034138,0.0,0.0,2026-06-04T22:32:41
matmul1comm,cpp,perlmutter-gpu,8,32,32,50000,50000,50000,500,32,1,1,0.0,0.189054,0.000618,0.150798,0.042737,0.0,0.0,2026-06-04T22:34:01
matmul,cpp,perlmutter-gpu-cpu,32,128,32,50000,50000,50000,500,8,8,2,0.055029,0.016982,0.018948,0.023138,0.103397,0.0,0.017288,2026-06-04T09:35:02
matmul1comm,cpp,perlmutter-gpu,2,8,32,50000,50000,50000,5000,8,1,1,0.0,0.764965,0.002923,0.144205,0.740428,0.0,0.0,2026-06-04T22:41:15
matmul1comm,cpp,perlmutter-gpu,2,8,32,50000,50000,50000,500,8,1,1,0.0,0.755706,0.007614,0.029626,0.096183,0.0,0.0,2026-06-04T22:43:11
matmul,cpp,perlmutter-gpu-cpu,8,32,32,50000,50000,50000,500,8,4,1,0.080411,0.064637,0.020351,0.030299,0.241295,0.0,0.052883,2026-06-04T09:28:53
matmul,cpp,perlmutter-gpu-cpu,2,8,32,50000,50000,50000,5000,4,2,1,0.312004,0.257945,0.039548,0.256873,8.883131,0.0,0.142702,2026-06-04T09:27:59
matmul1gen,cpp,perlmutter-gpu-cpu,32,128,32,50000,50000,50000,500,128,1,1,0.0,0.016746,0.016028,0.0,0.072536,0.0,0.0,2026-06-04T22:18:25
matmul,cpp,perlmutter-gpu-cpu,32,128,32,50000,50000,50000,50000,8,4,4,0.164297,0.017094,0.032001,0.26128,5.062484,0.0,0.233295,2026-06-04T22:48:33
matmul,cpp,perlmutter-gpu-cpu,8,32,32,50000,50000,50000,50000,4,4,2,0.22321,0.064389,0.073875,0.407765,19.316896,0.0,0.874672,2026-06-04T22:43:31
matmul,cpp,perlmutter-gpu-cpu,8,32,32,50000,50000,50000,5000,8,4,1,0.081891,0.06398,0.024237,0.101341,2.062539,0.0,0.07928,2026-06-04T09:27:35
matmul1comm,cpp,perlmutter-gpu-cpu,4,16,32,50000,50000,50000,5000,16,1,1,0.0,0.130226,0.006106,0.561877,4.193913,0.0,0.0,2026-06-04T21:58:00
matmul1comm,cpp,perlmutter-gpu-cpu,32,128,32,50000,50000,50000,5000,128,1,1,0.0,0.016822,0.000444,0.693856,0.633678,0.0,0.0,2026-06-04T22:17:06
matmul1gen,cpp,perlmutter-gpu-cpu,1,4,32,50000,50000,50000,5000,4,1,1,0.0,0.520795,0.163397,0.0,17.861964,0.0,0.0,2026-06-04T21:54:22
matmul1gen,cpp,perlmutter-gpu,4,16,32,50000,50000,50000,500,16,1,1,0.0,0.377226,0.001036,0.0,0.041901,0.0,0.0,2026-06-04T22:32:09
matmul1comm,cpp,perlmutter-gpu,2,8,32,50000,50000,50000,5000,8,1,1,0.0,0.764504,0.000421,0.20164,0.740806,0.0,0.0,2026-06-04T22:41:43
matmul1gen,cpp,perlmutter-gpu-cpu,2,8,32,50000,50000,50000,500,8,1,1,0.0,0.256672,0.016454,0.0,0.895568,0.0,0.0,2026-06-04T21:55:04
matmul1gen,cpp,perlmutter-gpu,1,4,32,50000,50000,50000,500,4,1,1,0.0,1.527715,0.00052,0.0,0.165504,0.0,0.0,2026-06-04T22:42:44
matmul1gen,cpp,perlmutter-gpu-cpu,4,16,32,50000,50000,50000,5000,16,1,1,0.0,0.128707,0.158357,0.0,4.198189,0.0,0.0,2026-06-04T21:56:12
matmul,cpp,perlmutter-gpu-cpu,2,8,32,50000,50000,50000,5000,4,2,1,0.312417,0.257367,0.039178,0.238626,8.824827,0.0,0.22391,2026-06-04T09:27:45
matmul,python,perlmutter-gpu,1,4,32,50000,50000,50000,50000,2,2,1,0.5429815160000544,-1.0,-1.0,1.2960170149999612,138.0086412779997,0.0,24.15311490000022,2026-06-04T22:49:10
matmul1comm,cpp,perlmutter-gpu,8,32,32,50000,50000,50000,5000,32,1,1,0.0,0.189582,0.000221,0.330472,0.191216,0.0,0.0,2026-06-04T22:32:09
matmul1comm,cpp,perlmutter-gpu,16,64,32,50000,50000,50000,500,64,1,1,0.0,0.095914,0.000759,0.220886,0.033706,0.0,0.0,2026-06-04T22:25:00
matmul1comm,cpp,perlmutter-gpu-cpu,4,16,32,50000,50000,50000,5000,16,1,1,0.0,0.128454,0.006379,0.569354,4.238158,0.0,0.0,2026-06-04T21:58:40
matmul1comm,cpp,perlmutter-gpu,1,4,32,50000,50000,50000,500,4,1,1,0.0,1.524941,0.001029,0.024519,0.173277,0.0,0.0,2026-06-04T22:43:58
matmul1comm,cpp,perlmutter-gpu-cpu,4,16,32,50000,50000,50000,500,16,1,1,0.0,0.129759,0.000359,0.069796,0.46287,0.0,0.0,2026-06-04T22:00:38
matmul,python,perlmutter-gpu-cpu,4,16,32,50000,50000,50000,50000,4,2,2,0.6833276380000086,-1.0,-1.0,7.456654646000004,27.394477533000014,0.0,59.414585983999984,2026-06-04T23:04:24
matmul1gen,cpp,perlmutter-gpu-cpu,16,64,32,50000,50000,50000,500,64,1,1,0.0,0.035353,0.024145,0.0,0.144327,0.0,0.0,2026-06-04T22:19:08
matmul1comm,cpp,perlmutter-gpu,4,16,32,50000,50000,50000,500,16,1,1,0.0,0.385476,0.000147,0.051421,0.059826,0.0,0.0,2026-06-04T22:33:48
matmul1comm,cpp,perlmutter-gpu,8,32,32,50000,50000,50000,500,32,1,1,0.0,0.189382,0.000157,0.170442,0.037774,0.0,0.0,2026-06-04T22:33:35
matmul1comm,cpp,perlmutter-gpu,2,8,32,50000,50000,50000,5000,8,1,1,0.0,0.761136,0.000422,0.14473,0.739848,0.0,0.0,2026-06-04T22:41:36
matmul1gen,cpp,perlmutter-gpu,32,128,32,50000,50000,50000,500,128,1,1,0.0,0.045372,0.000499,0.0,0.026606,0.0,0.0,2026-06-04T22:22:16
matmul1comm,cpp,perlmutter-gpu-cpu,8,32,32,50000,50000,50000,5000,32,1,1,0.0,0.065674,0.001754,0.563822,2.172024,0.0,0.0,2026-06-04T21:57:44
matmul,python,perlmutter-gpu-cpu,32,128,32,50000,50000,50000,50000,8,4,4,0.19728724800006603,-1.0,-1.0,1.3423415740003293,4.767510332999791,0.0,1.0059124300000803,2026-06-04T22:50:23
matmul,cpp,perlmutter-gpu-cpu,4,16,32,50000,50000,50000,500,4,4,1,0.16243,0.130203,0.026886,0.027889,0.445092,0.0,0.013985,2026-06-04T09:24:00
matmul1comm,cpp,perlmutter-gpu,8,32,32,50000,50000,50000,5000,32,1,1,0.0,0.190915,0.00021,0.379121,0.201067,0.0,0.0,2026-06-04T22:31:48
matmul1gen,cpp,perlmutter-gpu-cpu,16,64,32,50000,50000,50000,500,64,1,1,0.0,0.033849,0.016152,0.0,0.150671,0.0,0.0,2026-06-04T22:18:29
matmul,cpp,perlmutter-gpu-cpu,16,64,32,50000,50000,50000,5000,8,8,1,0.041839,0.033258,0.022694,0.050804,1.057722,0.0,0.09868,2026-06-04T09:30:10
matmul,cpp,perlmutter-gpu-cpu,4,16,32,50000,50000,50000,50000,4,2,2,0.40372,0.132493,0.120666,0.805372,38.926079,0.0,0.74595,2026-06-04T22:44:23
matmul1gen,cpp,perlmutter-gpu,2,8,32,50000,50000,50000,500,8,1,1,0.0,0.761538,0.000486,0.0,0.095085,0.0,0.0,2026-06-04T22:41:56
matmul,cpp,perlmutter-gpu-cpu,1,4,32,50000,50000,50000,500,2,2,1,0.583533,0.510334,0.0231,0.019189,1.734428,0.0,0.031955,2026-06-04T09:30:35
matmul1comm,cpp,perlmutter-gpu-cpu,1,4,32,50000,50000,50000,500,4,1,1,0.0,0.535994,0.001398,0.087611,1.70791,0.0,0.0,2026-06-04T21:59:13
matmul1gen,cpp,perlmutter-gpu,4,16,32,50000,50000,50000,500,16,1,1,0.0,0.379157,0.000503,0.0,0.054578,0.0,0.0,2026-06-04T22:32:03
matmul1gen,cpp,perlmutter-gpu,1,4,32,50000,50000,50000,500,4,1,1,0.0,1.532956,0.043127,0.0,0.13416,0.0,0.0,2026-06-04T22:42:50
matmul1gen,cpp,perlmutter-gpu-cpu,4,16,32,50000,50000,50000,500,16,1,1,0.0,0.131737,0.016777,0.0,0.484966,0.0,0.0,2026-06-04T22:00:09
matmul1comm,cpp,perlmutter-gpu-cpu,2,8,32,50000,50000,50000,5000,8,1,1,0.0,0.259972,0.01297,0.543914,8.175463,0.0,0.0,2026-06-04T21:54:07
matmul1gen,cpp,perlmutter-gpu,1,4,32,50000,50000,50000,500,4,1,1,0.0,1.527647,0.000754,0.0,0.16536,0.0,0.0,2026-06-04T22:42:18
matmul,cpp,perlmutter-gpu-cpu,2,8,32,50000,50000,50000,50000,2,2,2,0.693157,0.257665,0.217198,0.733777,75.918638,0.0,0.968713,2026-06-04T22:48:10
matmul1gen,cpp,perlmutter-gpu,4,16,32,50000,50000,50000,500,16,1,1,0.0,0.380772,0.000484,0.0,0.053681,0.0,0.0,2026-06-04T22:32:55
matmul1gen,cpp,perlmutter-gpu-cpu,8,32,32,50000,50000,50000,500,32,1,1,0.0,0.066215,0.014712,0.0,0.259333,0.0,0.0,2026-06-04T21:59:16
matmul,cpp,perlmutter-gpu-cpu,32,128,32,50000,50000,50000,50000,8,4,4,0.163821,0.016989,0.032728,0.226491,5.053556,0.0,0.293407,2026-06-04T22:47:08
matmul1comm,cpp,perlmutter-gpu-cpu,4,16,32,50000,50000,50000,500,16,1,1,0.0,0.130234,0.000366,0.075655,0.48223,0.0,0.0,2026-06-04T22:00:26
matmul1gen,cpp,perlmutter-gpu,1,4,32,50000,50000,50000,5000,4,1,1,0.0,1.530642,0.002862,0.0,1.47917,0.0,0.0,2026-06-04T22:40:26
matmul1gen,cpp,perlmutter-gpu,1,4,32,50000,50000,50000,500,4,1,1,0.0,1.524777,0.000484,0.0,0.153799,0.0,0.0,2026-06-04T22:43:09
matmul,python,perlmutter-gpu-cpu,4,16,32,50000,50000,50000,50000,4,2,2,4.988279620999947,-1.0,-1.0,3.216565370999888,33.84927831699997,0.0,9.895082510000066,2026-06-04T22:59:57
matmul1gen,cpp,perlmutter-gpu-cpu,32,128,32,50000,50000,50000,500,128,1,1,0.0,0.017138,0.016635,0.0,0.073598,0.0,0.0,2026-06-04T22:18:42
matmul1comm,cpp,perlmutter-gpu-cpu,8,32,32,50000,50000,50000,5000,32,1,1,0.0,0.065692,0.001751,0.563621,2.201448,0.0,0.0,2026-06-04T21:58:08
matmul1gen,cpp,perlmutter-gpu,32,128,32,50000,50000,50000,500,128,1,1,0.0,0.04301,0.000492,0.0,0.029485,0.0,0.0,2026-06-04T22:22:05
matmul,cpp,perlmutter-gpu-cpu,16,64,32,50000,50000,50000,50000,4,4,4,0.31992,0.034156,0.045348,0.265687,9.882495,0.0,0.237973,2026-06-04T22:43:45
matmul1comm,cpp,perlmutter-gpu-cpu,16,64,32,50000,50000,50000,500,64,1,1,0.0,0.032555,9e-05,0.115234,0.150676,0.0,0.0,2026-06-04T22:19:19
matmul1comm,cpp,perlmutter-gpu,4,16,32,50000,50000,50000,5000,16,1,1,0.0,0.376894,0.000291,0.345666,0.384845,0.0,0.0,2026-06-04T22:31:38
matmul1comm,cpp,perlmutter-gpu,32,128,32,50000,50000,50000,500,128,1,1,0.0,0.043071,0.009443,0.157683,0.027858,0.0,0.0,2026-06-04T22:23:32
matmul,cpp,perlmutter-gpu-cpu,4,16,32,50000,50000,50000,5000,4,4,1,0.164659,0.132713,0.049983,0.531922,4.505862,0.0,0.186593,2026-06-04T09:22:55
matmul,cpp,perlmutter-gpu-cpu,1,4,32,50000,50000,50000,50000,2,2,1,0.586399,0.533492,0.403682,1.375269,153.616277,0.0,2.090911,2026-06-04T22:52:03
matmul1comm,cpp,perlmutter-gpu,1,4,32,50000,50000,50000,500,4,1,1,0.0,1.51831,0.000205,0.009669,0.17204,0.0,0.0,2026-06-04T22:43:40
matmul1gen,cpp,perlmutter-gpu,32,128,32,50000,50000,50000,500,128,1,1,0.0,0.045347,0.000531,0.0,0.026008,0.0,0.0,2026-06-04T22:22:39
matmul1comm,cpp,perlmutter-gpu,4,16,32,50000,50000,50000,5000,16,1,1,0.0,0.37255,0.000282,0.157077,0.385484,0.0,0.0,2026-06-04T22:31:45
matmul1comm,cpp,perlmutter-gpu,2,8,32,50000,50000,50000,5000,8,1,1,0.0,0.766847,0.001183,0.250079,0.738333,0.0,0.0,2026-06-04T22:41:08
matmul1comm,cpp,perlmutter-gpu-cpu,32,128,32,50000,50000,50000,5000,128,1,1,0.0,0.017434,0.000461,0.676154,0.616,0.0,0.0,2026-06-04T22:17:13
matmul1gen,cpp,perlmutter-gpu-cpu,4,16,32,50000,50000,50000,500,16,1,1,0.0,0.135831,0.015885,0.0,0.489768,0.0,0.0,2026-06-04T22:00:03
matmul1gen,cpp,perlmutter-gpu,4,16,32,50000,50000,50000,5000,16,1,1,0.0,0.380717,0.00357,0.0,0.379125,0.0,0.0,2026-06-04T22:30:09
matmul1gen,cpp,perlmutter-gpu-cpu,2,8,32,50000,50000,50000,500,8,1,1,0.0,0.255204,0.016545,0.0,0.898331,0.0,0.0,2026-06-04T21:55:49
matmul1gen,cpp,perlmutter-gpu-cpu,8,32,32,50000,50000,50000,500,32,1,1,0.0,0.065463,0.0217,0.0,0.256605,0.0,0.0,2026-06-04T21:59:06
matmul1comm,cpp,perlmutter-gpu-cpu,4,16,32,50000,50000,50000,5000,16,1,1,0.0,0.12839,0.0061,0.555817,4.219123,0.0,0.0,2026-06-04T21:57:40
matmul,cpp,perlmutter-gpu-cpu,32,128,32,50000,50000,50000,500,8,8,2,0.053409,0.017194,0.019082,0.04808,0.102604,0.0,0.006278,2026-06-04T09:34:45
matmul1gen,cpp,perlmutter-gpu-cpu,8,32,32,50000,50000,50000,5000,32,1,1,0.0,0.066153,0.157047,0.0,2.185401,0.0,0.0,2026-06-04T21:56:03
matmul,python,perlmutter-gpu-cpu,16,64,32,50000,50000,50000,50000,4,4,4,0.2684007840002778,-1.0,-1.0,1.9955191240001113,9.533625818000019,0.0,1.1508017199998903,2026-06-04T22:48:39
matmul1comm,cpp,perlmutter-gpu-cpu,2,8,32,50000,50000,50000,500,8,1,1,0.0,0.254609,0.0007,0.060343,0.89393,0.0,0.0,2026-06-04T21:56:19
matmul,cpp,perlmutter-gpu,1,4,32,50000,50000,50000,50000,2,2,1,0.0,1.524277,0.052287,0.0,0.0,0.0,0.0,2026-06-04T22:42:24
matmul,cpp,perlmutter-gpu-cpu,4,16,32,50000,50000,50000,500,4,4,1,0.161159,0.129126,0.050777,0.034866,0.428417,0.0,0.015497,2026-06-04T09:23:30
matmul1comm,cpp,perlmutter-gpu,2,8,32,50000,50000,50000,5000,8,1,1,0.0,0.764266,0.008501,0.181175,0.738876,0.0,0.0,2026-06-04T22:40:54
matmul1gen,cpp,perlmutter-gpu,8,32,32,50000,50000,50000,500,32,1,1,0.0,0.19077,0.00051,0.0,0.030344,0.0,0.0,2026-06-04T22:33:01
matmul1gen,cpp,perlmutter-gpu,8,32,32,50000,50000,50000,5000,32,1,1,0.0,0.187389,0.005451,0.0,0.198463,0.0,0.0,2026-06-04T22:30:52
matmul1comm,cpp,perlmutter-gpu,4,16,32,50000,50000,50000,5000,16,1,1,0.0,0.381544,0.000279,0.2198,0.385137,0.0,0.0,2026-06-04T22:31:12
matmul1comm,cpp,perlmutter-gpu,4,16,32,50000,50000,50000,5000,16,1,1,0.0,0.378816,0.000279,0.335904,0.382908,0.0,0.0,2026-06-04T22:31:25
matmul1comm,cpp,perlmutter-gpu,16,64,32,50000,50000,50000,500,64,1,1,0.0,0.094595,0.000143,0.098912,0.03191,0.0,0.0,2026-06-04T22:24:36
matmul1gen,cpp,perlmutter-gpu,1,4,32,50000,50000,50000,5000,4,1,1,0.0,1.529585,0.003116,0.0,1.472333,0.0,0.0,2026-06-04T22:40:11
matmul1comm,cpp,perlmutter-gpu-cpu,2,8,32,50000,50000,50000,5000,8,1,1,0.0,0.253269,0.013756,0.540262,8.163645,0.0,0.0,2026-06-04T21:53:53
matmul1comm,cpp,perlmutter-gpu-cpu,16,64,32,50000,50000,50000,5000,64,1,1,0.0,0.034967,0.001594,0.556818,1.136229,0.0,0.0,2026-06-04T22:17:51
matmul,cpp,perlmutter-gpu-cpu,1,4,32,50000,50000,50000,50000,2,2,1,0.586744,0.51722,0.406926,1.355078,153.864159,0.0,1.938748,2026-06-04T22:49:22
matmul1gen,cpp,perlmutter-gpu,4,16,32,50000,50000,50000,500,16,1,1,0.0,0.387887,0.000486,0.0,0.045866,0.0,0.0,2026-06-04T22:32:33
matmul1comm,cpp,perlmutter-gpu-cpu,2,8,32,50000,50000,50000,500,8,1,1,0.0,0.254444,0.000699,0.066034,0.900268,0.0,0.0,2026-06-04T21:56:40
matmul1gen,cpp,perlmutter-gpu,8,32,32,50000,50000,50000,5000,32,1,1,0.0,0.190296,0.015161,0.0,0.181715,0.0,0.0,2026-06-04T22:30:45
matmul1comm,cpp,perlmutter-gpu,8,32,32,50000,50000,50000,500,32,1,1,0.0,0.18852,0.000148,0.196844,0.037852,0.0,0.0,2026-06-04T22:34:14
matmul1comm,cpp,perlmutter-gpu-cpu,1,4,32,50000,50000,50000,5000,4,1,1,0.0,0.517672,0.026915,0.485218,17.73574,0.0,0.0,2026-06-04T21:56:13
matmul1comm,cpp,perlmutter-gpu-cpu,4,16,32,50000,50000,50000,5000,16,1,1,0.0,0.129065,0.005414,0.56724,4.204964,0.0,0.0,2026-06-04T21:58:10
matmul1gen,cpp,perlmutter-gpu-cpu,2,8,32,50000,50000,50000,5000,8,1,1,0.0,0.259716,0.161742,0.0,8.025366,0.0,0.0,2026-06-04T21:51:45
matmul,cpp,perlmutter-gpu-cpu,8,32,32,50000,50000,50000,50000,4,4,2,0.199569,0.064511,0.079845,0.418576,19.303936,0.0,0.848455,2026-06-04T22:42:37
matmul1gen,cpp,perlmutter-gpu-cpu,32,128,32,50000,50000,50000,5000,128,1,1,0.0,0.016933,0.157344,0.0,0.614046,0.0,0.0,2026-06-04T22:16:02
matmul1comm,cpp,perlmutter-gpu,32,128,32,50000,50000,50000,500,128,1,1,0.0,0.046304,0.010043,0.236197,0.029256,0.0,0.0,2026-06-04T22:23:09
matmul1comm,cpp,perlmutter-gpu-cpu,2,8,32,50000,50000,50000,500,8,1,1,0.0,0.257118,0.000699,0.060917,0.89004,0.0,0.0,2026-06-04T21:56:30
matmul,cpp,perlmutter-gpu-cpu,32,128,32,50000,50000,50000,500,8,8,2,0.053104,0.016839,0.019218,0.010856,0.10111,0.0,0.027449,2026-06-04T09:34:39
matmul1gen,cpp,perlmutter-gpu-cpu,8,32,32,50000,50000,50000,500,32,1,1,0.0,0.065184,0.01822,0.0,0.26058,0.0,0.0,2026-06-04T21:58:49
matmul1comm,cpp,perlmutter-gpu-cpu,32,128,32,50000,50000,50000,5000,128,1,1,0.0,0.017167,0.000457,0.740578,0.619022,0.0,0.0,2026-06-04T22:17:33
matmul1comm,cpp,perlmutter-gpu,4,16,32,50000,50000,50000,500,16,1,1,0.0,0.381544,0.000148,0.104726,0.060247,0.0,0.0,2026-06-04T22:33:36
matmul,cpp,perlmutter-gpu,1,4,32,50000,50000,50000,50000,2,2,1,0.0,1.526505,0.043573,0.0,0.0,0.0,0.0,2026-06-04T22:42:05
matmul1gen,cpp,perlmutter-gpu-cpu,4,16,32,50000,50000,50000,500,16,1,1,0.0,0.128776,0.01561,0.0,0.480103,0.0,0.0,2026-06-04T21:59:22
matmul,cpp,perlmutter-gpu-cpu,2,8,32,50000,50000,50000,500,4,2,1,0.311471,0.264732,0.021964,0.036662,0.899127,0.0,0.013569,2026-06-04T09:29:23
matmul1gen,cpp,perlmutter-gpu,4,16,32,50000,50000,50000,500,16,1,1,0.0,0.379445,0.013997,0.0,0.035267,0.0,0.0,2026-06-04T22:32:44
matmul1gen,cpp,perlmutter-gpu,1,4,32,50000,50000,50000,500,4,1,1,0.0,1.526536,0.000484,0.0,0.166726,0.0,0.0,2026-06-04T22:42:56
matmul1gen,cpp,perlmutter-gpu-cpu,32,128,32,50000,50000,50000,500,128,1,1,0.0,0.016797,0.016692,0.0,0.07147,0.0,0.0,2026-06-04T22:18:36
matmul1gen,cpp,perlmutter-gpu-cpu,8,32,32,50000,50000,50000,500,32,1,1,0.0,0.066114,0.015466,0.0,0.254357,0.0,0.0,2026-06-04T21:58:38
matmul1comm,cpp,perlmutter-gpu,32,128,32,50000,50000,50000,500,128,1,1,0.0,0.045965,0.006227,0.130105,0.028209,0.0,0.0,2026-06-04T22:23:03
matmul1gen,cpp,perlmutter-gpu,2,8,32,50000,50000,50000,500,8,1,1,0.0,0.763853,0.000696,0.0,0.079958,0.0,0.0,2026-06-04T22:42:02
matmul1gen,cpp,perlmutter-gpu,4,16,32,50000,50000,50000,5000,16,1,1,0.0,0.381336,0.002786,0.0,0.383336,0.0,0.0,2026-06-04T22:30:46
matmul1gen,cpp,perlmutter-gpu,8,32,32,50000,50000,50000,5000,32,1,1,0.0,0.189904,0.005161,0.0,0.202055,0.0,0.0,2026-06-04T22:30:04
matmul,cpp,perlmutter-gpu,1,4,32,50000,50000,50000,50000,2,2,1,0.0,1.539267,0.045939,0.0,0.0,0.0,0.0,2026-06-04T22:41:32
matmul1comm,cpp,perlmutter-gpu-cpu,8,32,32,50000,50000,50000,5000,32,1,1,0.0,0.065333,0.001748,0.600592,2.191405,0.0,0.0,2026-06-04T21:57:28
matmul1comm,cpp,perlmutter-gpu,32,128,32,50000,50000,50000,500,128,1,1,0.0,0.046509,0.000144,0.224162,0.027796,0.0,0.0,2026-06-04T22:22:57
matmul1gen,cpp,perlmutter-gpu,2,8,32,50000,50000,50000,5000,8,1,1,0.0,0.759393,0.002971,0.0,0.749796,0.0,0.0,2026-06-04T22:40:06
matmul1comm,cpp,perlmutter-gpu,4,16,32,50000,50000,50000,500,16,1,1,0.0,0.369639,0.00015,0.022232,0.059994,0.0,0.0,2026-06-04T22:33:30
matmul,cpp,perlmutter-gpu-cpu,2,8,32,50000,50000,50000,500,4,2,1,0.308069,0.255655,0.022912,0.028836,0.878104,0.0,0.021358,2026-06-04T09:29:40
