system,nnode,time
gpu,1,0.802910
gpu,2,0.163112
gpu,4,0.241532
gpu,8,0.297533
gpu,16,0.743331
cpu,1,0.050423
cpu,2,0.045061
cpu,4,0.033439
cpu,8,0.032952
cpu,16,0.035209
