system,nnode,nproc,time
gpu,1,4,0.145636
gpu,2,8,0.184741
gpu,4,16,0.311987
gpu,8,32,0.403236
gpu,16,64,0.744108
cpu,1,4,0.038739
cpu,2,8,0.042417
cpu,4,16,0.031664
cpu,8,32,0.030410
cpu,16,64,0.034223
